,ddE
L270A,0.0580562
L270C,0.0580562
L270D,0.0580562
L270E,0.0580562
L270F,0.0580562
L270G,0.0580562
L270H,0.0580562
L270I,0.0580562
L270K,0.0580562
L270L,
L270M,0.0580562
L270N,0.0580562
L270P,0.0580562
L270Q,0.0580562
L270R,0.0580562
L270S,0.0580562
L270T,0.0580562
L270V,0.0580562
L270W,0.0580562
L270Y,0.0451208
R271A,0.045773699999999994
R271C,0.0676372
R271D,0.0676372
R271E,0.051435800000000004
R271F,0.0590337
R271G,0.0601297
R271H,0.058756899999999994
R271I,0.0621683
R271K,0.0327152
R271L,0.0451832
R271M,0.0605492
R271N,0.051327599999999994
R271P,0.0676372
R271Q,0.042170099999999995
R271R,
R271S,0.060025800000000004
R271T,0.0445486
R271V,0.052180399999999995
R271W,0.0676372
R271Y,0.0676372
L272A,0.062371800000000005
L272C,0.057669200000000004
L272D,0.07246280000000001
L272E,0.0682765
L272F,0.044102300000000004
L272G,0.07650080000000001
L272H,0.07650080000000001
L272I,0.0219765
L272K,0.07650080000000001
L272L,
L272M,0.07650080000000001
L272N,0.0651152
L272P,0.0603197
L272Q,0.0681944
L272R,0.0701459
L272S,0.06912839999999999
L272T,0.0698717
L272V,0.0402181
L272W,0.07650080000000001
L272Y,0.0599558
E273A,0.0473483
E273C,0.0485945
E273D,0.020340599999999997
E273E,
E273F,0.047508
E273G,0.0150035
E273H,0.0416567
E273I,0.0295971
E273K,0.0263923
E273L,0.030257599999999996
E273M,0.0456644
E273N,0.0294107
E273P,0.0415
E273Q,0.025693999999999998
E273R,0.0370913
E273S,0.0348332
E273T,0.0248583
E273V,0.0264694
E273W,0.0490716
E273Y,0.05443730000000001
V274A,0.0122148
V274C,0.0425875
V274D,0.016504599999999998
V274E,0.00322652
V274F,0.0432395
V274G,0.0232501
V274H,0.026680799999999998
V274I,0.025802299999999997
V274K,0.00523004
V274L,0.041749400000000006
V274M,0.0397722
V274N,0.021895500000000002
V274P,0.04868309999999999
V274Q,0.019126
V274R,0.01204
V274S,0.028454300000000002
V274T,0.027158799999999997
V274V,
V274W,0.0476415
V274Y,0.047517000000000004
K275A,0.0359849
K275C,0.0423367
K275D,0.0567821
K275E,0.011658700000000001
K275F,0.030879700000000003
K275G,0.047943
K275H,0.0392518
K275I,0.0297764
K275K,
K275L,0.012050299999999998
K275M,0.03588
K275N,0.0381621
K275P,0.036324199999999994
K275Q,0.0389529
K275R,0.0281726
K275S,0.0319168
K275T,0.041319999999999996
K275V,0.022454599999999998
K275W,0.061355099999999996
K275Y,0.0381748
L276A,0.0653201
L276C,0.0844877
L276D,0.08717439999999999
L276E,0.0904366
L276F,0.0644313
L276G,0.0899544
L276H,0.07967350000000001
L276I,0.00673503
L276K,0.081434
L276L,
L276M,0.0662895
L276N,0.08481
L276P,0.07557539999999999
L276Q,0.0761585
L276R,0.0751245
L276S,0.0771855
L276T,0.07672489999999998
L276V,0.040200400000000004
L276W,0.08573099999999999
L276Y,0.0889431
G277A,0.054711800000000005
G277C,0.0909175
G277D,0.07462150000000001
G277E,0.08344069999999999
G277F,0.0997393
G277G,
G277H,0.08729160000000001
G277I,0.106582
G277K,0.0911821
G277L,0.09702619999999999
G277M,0.0981957
G277N,0.0855372
G277P,0.09807719999999999
G277Q,0.09356519999999999
G277R,0.0847518
G277S,0.0580099
G277T,0.086086
G277V,0.0917773
G277W,0.115476
G277Y,0.08578939999999999
Q278A,0.014785499999999998
Q278C,0.0334021
Q278D,0.00309459
Q278E,0.0053343
Q278F,0.0335731
Q278G,0.0197669
Q278H,0.012953899999999999
Q278I,0.0324091
Q278K,0.00537326
Q278L,0.033835000000000004
Q278M,0.03702
Q278N,0.025051499999999997
Q278P,0.0298192
Q278Q,
Q278R,-0.00484439
Q278S,-0.016428799999999997
Q278T,0.0100795
Q278V,0.0249599
Q278W,0.0447171
Q278Y,0.0268219
G279A,0.0812869
G279C,0.10573800000000001
G279D,0.07814220000000001
G279E,0.0847918
G279F,0.10839100000000002
G279G,
G279H,0.0975421
G279I,0.102533
G279K,0.10486400000000001
G279L,0.10308099999999999
G279M,0.10846300000000002
G279N,0.07759110000000001
G279P,0.0983457
G279Q,0.103546
G279R,0.09170310000000001
G279S,0.0803082
G279T,0.0730186
G279V,0.10328
G279W,0.109981
G279Y,0.112125
C280A,-0.0231213
C280C,
C280D,0.0077366
C280E,0.00954812
C280F,0.030537
C280G,-0.0474249
C280H,0.012839099999999999
C280I,0.0271033
C280K,0.011154299999999999
C280L,0.00767114
C280M,0.0211465
C280N,0.00646518
C280P,0.00611207
C280Q,0.00429179
C280R,-0.00286458
C280S,-0.020155700000000002
C280T,0.00323368
C280V,0.00834571
C280W,0.0268914
C280Y,0.0235893
F281A,0.064452
F281C,0.07047510000000001
F281D,0.0707358
F281E,0.0642528
F281F,
F281G,0.067772
F281H,0.0651972
F281I,0.0634461
F281K,0.0821688
F281L,0.038468300000000004
F281M,0.077774
F281N,0.0642361
F281P,0.0752629
F281Q,0.0631082
F281R,0.06776289999999999
F281S,0.0521278
F281T,0.0539759
F281V,0.0714603
F281W,0.0743553
F281Y,0.0415929
G282A,0.0435056
G282C,0.0731867
G282D,0.06615650000000001
G282E,0.0722038
G282F,0.07736169999999999
G282G,
G282H,0.087527
G282I,0.0808947
G282K,0.061457200000000003
G282L,0.07982739999999999
G282M,0.0764642
G282N,0.0627994
G282P,0.07039939999999999
G282Q,0.07108210000000001
G282R,0.06322509999999999
G282S,0.0385272
G282T,0.061344100000000006
G282V,0.0589524
G282W,0.0846497
G282Y,0.07041
E283A,0.018037599999999997
E283C,0.028265600000000002
E283D,0.011726100000000001
E283E,
E283F,0.0345123
E283G,0.0313574
E283H,0.0362474
E283I,0.0227295
E283K,0.00947579
E283L,0.010513400000000001
E283M,0.043283800000000004
E283N,0.0174885
E283P,0.022644499999999998
E283Q,0.0163443
E283R,0.0170502
E283S,-0.00212058
E283T,-0.00396
E283V,0.0148951
E283W,0.049507999999999996
E283Y,0.0303653
V284A,0.0476592
V284C,0.0763241
V284D,0.0855748
V284E,0.0791483
V284F,0.0710766
V284G,0.0824673
V284H,0.08296339999999999
V284I,0.036244599999999995
V284K,0.07694119999999999
V284L,0.041202499999999996
V284M,0.0717854
V284N,0.0780418
V284P,0.08668580000000001
V284Q,0.078431
V284R,0.07453530000000001
V284S,0.06705230000000001
V284T,0.05743380000000001
V284V,
V284W,0.0890844
V284Y,0.0849773
W285A,0.026085400000000005
W285C,0.0279608
W285D,0.044615800000000004
W285E,0.0421557
W285F,0.00247168
W285G,0.057889800000000005
W285H,0.0269274
W285I,0.036054199999999995
W285K,0.038866399999999995
W285L,0.00579092
W285M,0.039121800000000005
W285N,0.037689099999999996
W285P,0.0519764
W285Q,0.0300519
W285R,0.034387
W285S,0.034369199999999996
W285T,0.031326099999999996
W285V,0.015881
W285W,
W285Y,-0.0298219
M286A,-0.00342913
M286C,0.0208452
M286D,0.0164954
M286E,0.00184878
M286F,0.0193101
M286G,0.021509999999999998
M286H,0.0146524
M286I,0.00831963
M286K,-0.0211689
M286L,-0.0233378
M286M,
M286N,0.0231848
M286P,0.0129893
M286Q,0.0090683
M286R,-0.0245593
M286S,-0.0159651
M286T,0.014837999999999999
M286V,0.00887292
M286W,0.0379794
M286Y,0.0286301
G287A,-0.00405045
G287C,0.0445481
G287D,0.0550763
G287E,0.056469500000000006
G287F,0.07646439999999999
G287G,
G287H,0.07142689999999999
G287I,0.057330099999999995
G287K,0.0663924
G287L,0.055082799999999994
G287M,0.0632852
G287N,0.0649023
G287P,0.0665597
G287Q,0.07066439999999999
G287R,0.0586275
G287S,0.040536699999999995
G287T,0.0539475
G287V,0.0317435
G287W,0.08453780000000001
G287Y,0.0598998
T288A,0.0482348
T288C,0.049903199999999995
T288D,0.045911099999999996
T288E,0.024996900000000002
T288F,0.059171
T288G,0.056691399999999996
T288H,0.0543034
T288I,0.021966
T288K,0.0370712
T288L,0.021862200000000002
T288M,0.056478
T288N,0.0423921
T288P,0.040443099999999996
T288Q,0.036657999999999996
T288R,0.0293437
T288S,0.0339501
T288T,
T288V,0.031519
T288W,0.0599971
T288Y,0.0508454
W289A,0.031248
W289C,0.043151300000000004
W289D,0.00102066
W289E,0.019062700000000002
W289F,0.0236232
W289G,0.0253738
W289H,0.023306599999999997
W289I,0.0300026
W289K,0.036704099999999996
W289L,0.00171547
W289M,0.0437395
W289N,0.036145800000000006
W289P,0.0275409
W289Q,0.0378833
W289R,0.00984322
W289S,0.027494400000000002
W289T,0.033140300000000004
W289V,0.0228993
W289W,
W289Y,0.020387
N290A,0.022306299999999998
N290C,0.057663900000000004
N290D,0.027436099999999998
N290E,0.0253897
N290F,0.0501298
N290G,0.0240318
N290H,0.033608099999999995
N290I,0.03162
N290K,0.026052299999999997
N290L,0.0192129
N290M,0.052200800000000006
N290N,
N290P,0.030461000000000002
N290Q,0.0271519
N290R,0.022109900000000002
N290S,0.0222663
N290T,0.0249113
N290V,0.025858999999999997
N290W,0.0670567
N290Y,0.0439169
G291A,0.0389549
G291C,0.0688638
G291D,0.0389315
G291E,0.0286007
G291F,0.0611871
G291G,
G291H,0.0549261
G291I,0.0519864
G291K,0.0304939
G291L,0.047741900000000004
G291M,0.0782334
G291N,0.0323089
G291P,0.053734000000000004
G291Q,0.053324500000000004
G291R,0.0493602
G291S,0.0253748
G291T,0.040874900000000006
G291V,0.05199580000000001
G291W,0.08487289999999999
G291Y,0.0801258
T292A,0.0387236
T292C,0.0428719
T292D,0.0186305
T292E,0.0240053
T292F,0.0491452
T292G,-0.00386956
T292H,0.0478608
T292I,0.039525599999999994
T292K,0.0336653
T292L,0.034935400000000005
T292M,0.050201199999999994
T292N,0.015288399999999999
T292P,0.0417615
T292Q,0.0421578
T292R,0.030361000000000003
T292S,0.0172567
T292T,
T292V,0.0261993
T292W,0.06858330000000001
T292Y,0.0515568
T293A,0.0258482
T293C,0.053503699999999994
T293D,0.024956700000000002
T293E,0.0127062
T293F,0.0394119
T293G,0.013661600000000001
T293H,0.0334436
T293I,0.0328543
T293K,0.00152245
T293L,0.0165895
T293M,0.0350108
T293N,0.0107634
T293P,0.029662599999999997
T293Q,0.015469799999999997
T293R,0.00864967
T293S,0.0177613
T293T,
T293V,0.0273125
T293W,0.0605323
T293Y,0.0399661
R294A,0.0183936
R294C,0.0384495
R294D,0.016109000000000002
R294E,0.00278219
R294F,0.033027999999999995
R294G,0.0353555
R294H,0.030582099999999997
R294I,0.024615
R294K,-0.00911
R294L,0.022331200000000002
R294M,0.0377336
R294N,0.026836099999999998
R294P,0.00985529
R294Q,0.015668500000000002
R294R,
R294S,0.0115219
R294T,0.030234300000000002
R294V,0.023878200000000002
R294W,0.042720999999999995
R294Y,0.021121200000000003
V295A,0.056385300000000006
V295C,0.0643374
V295D,0.08629930000000001
V295E,0.0835865
V295F,0.0437867
V295G,0.07399760000000001
V295H,0.07145130000000001
V295I,0.0452945
V295K,0.0675794
V295L,0.0371525
V295M,0.0751705
V295N,0.0775882
V295P,0.08480189999999999
V295Q,0.06966289999999999
V295R,0.0724819
V295S,0.07158439999999999
V295T,0.0554344
V295V,
V295W,0.0832428
V295Y,0.0515409
A296A,
A296C,0.05976759999999999
A296D,0.0745792
A296E,0.0757186
A296F,0.0696921
A296G,0.059807000000000006
A296H,0.0817615
A296I,0.0347461
A296K,0.07355729999999999
A296L,0.0511044
A296M,0.0655737
A296N,0.0756597
A296P,0.08093389999999999
A296Q,0.0652217
A296R,0.0743635
A296S,0.0502019
A296T,0.047949900000000004
A296V,0.030634300000000003
A296W,0.0843867
A296Y,0.067106
I297A,0.0671226
I297C,0.0677518
I297D,0.08571619999999999
I297E,0.07483139999999999
I297F,0.061565800000000004
I297G,0.08779210000000001
I297H,0.0922597
I297I,
I297K,0.07559919999999999
I297L,0.028918400000000004
I297M,0.0611062
I297N,0.09551330000000001
I297P,0.090554
I297Q,0.0896612
I297R,0.0722083
I297S,0.080887
I297T,0.0778573
I297V,0.01672
I297W,0.08752330000000001
I297Y,0.0673298
K298A,0.08782319999999999
K298C,0.0855837
K298D,0.0782057
K298E,0.07087560000000001
K298F,0.10192799999999999
K298G,0.09296510000000001
K298H,0.0800714
K298I,0.0832995
K298K,
K298L,0.08115130000000001
K298M,0.0909778
K298N,0.0854445
K298P,0.0807918
K298Q,0.0816392
K298R,0.0450362
K298S,0.0774887
K298T,0.0785984
K298V,0.0670629
K298W,0.097998
K298Y,0.0818912
T299A,0.031215499999999997
T299C,0.0319747
T299D,0.044470499999999996
T299E,0.024990000000000002
T299F,0.033936900000000006
T299G,0.0457135
T299H,0.0402292
T299I,0.0065181
T299K,0.023909
T299L,0.0174282
T299M,0.046777099999999995
T299N,0.05328240000000001
T299P,0.0425966
T299Q,0.0208678
T299R,0.0229238
T299S,0.0212486
T299T,
T299V,0.010146700000000002
T299W,0.05182819999999999
T299Y,0.0351893
L300A,0.046656699999999995
L300C,0.0744341
L300D,0.0711169
L300E,0.0503261
L300F,0.027764799999999996
L300G,0.06340830000000001
L300H,0.06917519999999999
L300I,0.0339035
L300K,0.0614139
L300L,
L300M,0.0531245
L300N,0.06919650000000001
L300P,0.0555594
L300Q,0.0660755
L300R,0.0770091
L300S,0.0420491
L300T,0.0580224
L300V,0.052537400000000005
L300W,0.07096010000000001
L300Y,0.0467319
K301A,0.0380019
K301C,0.0659047
K301D,0.034138699999999994
K301E,0.031149400000000004
K301F,0.051963999999999996
K301G,0.042408999999999995
K301H,0.0383474
K301I,0.052130600000000006
K301K,
K301L,0.0317828
K301M,0.05902869999999999
K301N,0.022815900000000004
K301P,0.025084
K301Q,0.0349652
K301R,0.021025400000000003
K301S,0.0245101
K301T,0.04829219999999999
K301V,0.052675599999999996
K301W,0.0584476
K301Y,0.042048199999999994
P302A,0.022742500000000002
P302C,0.0413182
P302D,0.025189
P302E,0.0352086
P302F,0.0462225
P302G,0.030056599999999996
P302H,0.0342164
P302I,0.029302299999999996
P302K,0.013481299999999998
P302L,0.0176589
P302M,0.047094199999999996
P302N,0.0270565
P302P,
P302Q,0.0347844
P302R,0.030748200000000003
P302S,0.0169577
P302T,0.027369799999999996
P302V,0.028104900000000002
P302W,0.0642134
P302Y,0.0500385
G303A,0.032886900000000004
G303C,0.0560681
G303D,0.042155
G303E,0.0376151
G303F,0.058337900000000005
G303G,
G303H,0.0533011
G303I,0.052431200000000004
G303K,0.0395749
G303L,0.0361941
G303M,0.06259400000000001
G303N,0.0373315
G303P,0.043992699999999996
G303Q,0.0401605
G303R,0.0459585
G303S,0.023367500000000003
G303T,0.0318566
G303V,0.0477714
G303W,0.06958560000000001
G303Y,0.0544058
T304A,0.00581889
T304C,0.032846
T304D,0.016228899999999997
T304E,0.013202600000000002
T304F,0.0443615
T304G,0.029272000000000003
T304H,0.0181313
T304I,0.037172500000000004
T304K,0.0157354
T304L,0.0233183
T304M,0.044125599999999994
T304N,0.0120228
T304P,0.0323467
T304Q,0.030409500000000003
T304R,0.0237588
T304S,0.00736374
T304T,
T304V,0.0248242
T304W,0.05139590000000001
T304Y,0.04190630000000001
M305A,0.00731591
M305C,0.028011200000000003
M305D,0.012062200000000002
M305E,0.00700246
M305F,0.024477900000000004
M305G,0.0133942
M305H,0.0223815
M305I,0.0148246
M305K,0.023950299999999997
M305L,-0.011522200000000002
M305M,
M305N,0.0009398410000000001
M305P,0.0188838
M305Q,0.00133684
M305R,0.014652100000000001
M305S,0.00997553
M305T,0.0258045
M305V,0.0133755
M305W,0.035387300000000003
M305Y,0.0286791
S306A,0.013012200000000002
S306C,0.0519946
S306D,0.0141286
S306E,0.034425
S306F,0.03375619999999999
S306G,0.0333733
S306H,0.0461538
S306I,0.051625300000000006
S306K,0.0272832
S306L,0.0308437
S306M,0.0570875
S306N,0.022034799999999997
S306P,0.0133234
S306Q,0.0330969
S306R,0.035023
S306S,
S306T,0.0226045
S306V,0.0236499
S306W,0.0592342
S306Y,0.0440592
P307A,0.0151268
P307C,0.0469245
P307D,0.0195773
P307E,0.00862836
P307F,0.0271639
P307G,0.0331283
P307H,0.0327144
P307I,0.0197985
P307K,0.029901
P307L,0.0167405
P307M,0.0379094
P307N,0.0250274
P307P,
P307Q,0.030241300000000002
P307R,0.0216374
P307S,0.0175152
P307T,0.0289937
P307V,0.0113957
P307W,0.048438800000000004
P307Y,0.0380941
E308A,0.018558
E308C,0.0626037
E308D,0.011654000000000001
E308E,
E308F,0.05373580000000001
E308G,0.0208902
E308H,0.0371091
E308I,0.030040499999999998
E308K,0.021478999999999998
E308L,0.0406108
E308M,0.0582443
E308N,0.0325057
E308P,0.0490859
E308Q,0.020971700000000003
E308R,0.0160109
E308S,0.026106
E308T,0.021209099999999998
E308V,0.0344465
E308W,0.06498480000000001
E308Y,0.0411038
A309A,
A309C,0.0355619
A309D,0.0157319
A309E,0.00987021
A309F,0.041181
A309G,0.0248856
A309H,0.034848199999999996
A309I,0.0280873
A309K,0.0131591
A309L,0.011919200000000001
A309M,0.041775
A309N,0.016577500000000002
A309P,0.039897699999999994
A309Q,0.0187432
A309R,-0.00026233
A309S,-0.00228522
A309T,0.0205894
A309V,0.0174266
A309W,0.0450834
A309Y,0.025266999999999998
F310A,0.0388345
F310C,0.0582755
F310D,0.066041
F310E,0.0596437
F310F,
F310G,0.07047189999999999
F310H,0.0624441
F310I,0.029810000000000003
F310K,0.06703730000000001
F310L,0.012600499999999999
F310M,0.060944399999999996
F310N,0.0704666
F310P,0.0638635
F310Q,0.0549529
F310R,0.058499800000000005
F310S,0.0521323
F310T,0.06446080000000001
F310V,0.0552962
F310W,0.044201199999999996
F310Y,0.044777
L311A,0.0227638
L311C,0.0465273
L311D,0.044102800000000004
L311E,0.038258600000000004
L311F,0.0425359
L311G,0.0509283
L311H,0.054580399999999994
L311I,0.0246742
L311K,0.023425
L311L,
L311M,0.0501395
L311N,0.046015499999999994
L311P,0.0428549
L311Q,0.0300732
L311R,0.0336162
L311S,0.033044800000000006
L311T,0.042480300000000006
L311V,0.037007599999999995
L311W,0.054806799999999996
L311Y,0.041462900000000004
Q312A,0.030912000000000002
Q312C,0.050179800000000004
Q312D,0.015531799999999998
Q312E,0.0122155
Q312F,0.050836599999999996
Q312G,0.0256894
Q312H,0.0193029
Q312I,0.035264800000000006
Q312K,0.0107687
Q312L,0.014638900000000002
Q312M,0.043284300000000005
Q312N,0.00221822
Q312P,0.041555400000000006
Q312Q,
Q312R,0.00963009
Q312S,0.0311116
Q312T,0.01917
Q312V,0.0438154
Q312W,0.0538197
Q312Y,0.0436936
E313A,0.0532505
E313C,0.0807007
E313D,0.050211599999999995
E313E,
E313F,0.0752375
E313G,0.0630309
E313H,0.0654795
E313I,0.0786684
E313K,0.0466837
E313L,0.049857599999999995
E313M,0.0634236
E313N,0.053974400000000006
E313P,0.0640501
E313Q,0.0433722
E313R,0.0494021
E313S,0.0534743
E313T,0.053507500000000006
E313V,0.061209000000000006
E313W,0.07681289999999999
E313Y,0.07054919999999999
A314A,
A314C,0.033058199999999996
A314D,0.0477065
A314E,0.042477499999999994
A314F,0.0318569
A314G,0.0468309
A314H,0.04235
A314I,0.011837
A314K,0.035961599999999996
A314L,0.00638405
A314M,0.0333582
A314N,0.044074699999999994
A314P,0.0303276
A314Q,0.050507300000000005
A314R,0.056373900000000005
A314S,0.03450809999999999
A314T,0.029052299999999996
A314V,0.00580589
A314W,0.0455211
A314Y,0.0412301
Q315A,0.00779111
Q315C,0.0422588
Q315D,0.0177099
Q315E,0.00155851
Q315F,0.0383046
Q315G,0.019883099999999997
Q315H,0.0342496
Q315I,0.029836099999999997
Q315K,0.00757288
Q315L,0.014233299999999999
Q315M,0.024987400000000003
Q315N,0.0215566
Q315P,0.0210579
Q315Q,
Q315R,0.00675299
Q315S,0.021965000000000002
Q315T,0.015940100000000002
Q315V,0.029199700000000002
Q315W,0.0419894
Q315Y,0.015932599999999998
V316A,0.023940799999999998
V316C,0.048581400000000004
V316D,0.0670753
V316E,0.0450516
V316F,0.04651980000000001
V316G,0.044813900000000004
V316H,0.050949400000000006
V316I,0.00707279
V316K,0.0368582
V316L,0.0126225
V316M,0.0450111
V316N,0.0398561
V316P,0.0672686
V316Q,0.0341785
V316R,0.0359338
V316S,0.0291574
V316T,0.0429179
V316V,
V316W,0.06336119999999999
V316Y,0.05098219999999999
M317A,0.0282161
M317C,0.0469211
M317D,0.059876
M317E,0.0403603
M317F,0.028940399999999998
M317G,0.0308367
M317H,0.051547300000000004
M317I,0.0194825
M317K,0.043350400000000004
M317L,-0.0208125
M317M,
M317N,0.0522178
M317P,0.044920800000000004
M317Q,0.044601199999999994
M317R,0.0452668
M317S,0.0355554
M317T,0.039505
M317V,0.0237487
M317W,0.025365099999999998
M317Y,0.0276945
K318A,0.031435700000000004
K318C,0.048384199999999995
K318D,0.0439597
K318E,0.0331077
K318F,0.0454415
K318G,0.0337459
K318H,0.0616877
K318I,0.037982499999999995
K318K,
K318L,0.033480800000000005
K318M,0.05251469999999999
K318N,0.0444523
K318P,0.05329249999999999
K318Q,0.0342343
K318R,0.0253542
K318S,0.0190202
K318T,0.039181400000000005
K318V,0.050085000000000005
K318W,0.06235369999999999
K318Y,0.0545681
K319A,0.027908999999999996
K319C,0.0534663
K319D,0.038811
K319E,0.032277999999999994
K319F,0.0581235
K319G,0.0424576
K319H,0.0519192
K319I,0.0505291
K319K,
K319L,0.0295534
K319M,0.0490421
K319N,0.028987400000000003
K319P,0.05329880000000001
K319Q,0.0350881
K319R,0.0131554
K319S,0.0309045
K319T,0.028159800000000002
K319V,0.040150599999999995
K319W,0.0739028
K319Y,0.05404490000000001
L320A,0.0619518
L320C,0.07752460000000001
L320D,0.0949737
L320E,0.0886431
L320F,0.06261169999999999
L320G,0.0627241
L320H,0.0876549
L320I,0.0510725
L320K,0.0863444
L320L,
L320M,0.07132569999999999
L320N,0.077985
L320P,0.08642530000000001
L320Q,0.08235189999999999
L320R,0.0874123
L320S,0.0628442
L320T,0.0792496
L320V,0.06154580000000001
L320W,0.101892
L320Y,0.0911183
R321A,0.04994880000000001
R321C,0.0727211
R321D,0.0481041
R321E,0.0422923
R321F,0.0721447
R321G,0.0338961
R321H,0.058225099999999995
R321I,0.07120089999999998
R321K,0.029689
R321L,0.0583797
R321M,0.0792008
R321N,0.0468912
R321P,0.048827999999999996
R321Q,0.0295995
R321R,
R321S,0.022456599999999997
R321T,0.050624300000000004
R321V,0.0560626
R321W,0.0774611
R321Y,0.06290660000000001
H322A,0.045098900000000004
H322C,0.0502509
H322D,0.030766200000000004
H322E,0.0457819
H322F,0.0551236
H322G,0.038192500000000004
H322H,
H322I,0.0516153
H322K,0.049163099999999994
H322L,0.0559611
H322M,0.06736289999999999
H322N,0.035912599999999996
H322P,0.045351800000000005
H322Q,0.058027300000000004
H322R,0.0396587
H322S,0.0294985
H322T,0.0406783
H322V,0.066677
H322W,0.0705884
H322Y,0.0480915
E323A,0.020244799999999997
E323C,0.0501356
E323D,0.0293809
E323E,
E323F,0.061991
E323G,0.0446225
E323H,0.0501874
E323I,0.052971199999999996
E323K,0.0294378
E323L,0.0483108
E323M,0.0634141
E323N,0.042611800000000005
E323P,-0.00368296
E323Q,0.042995
E323R,0.0240241
E323S,0.026872800000000002
E323T,0.028980900000000004
E323V,0.0387297
E323W,0.0735962
E323Y,0.0608514
K324A,0.023410499999999997
K324C,0.0311658
K324D,0.0101333
K324E,0.029314
K324F,0.027915600000000002
K324G,0.0100852
K324H,0.00587896
K324I,0.038338599999999994
K324K,
K324L,0.0272615
K324M,0.045699300000000005
K324N,-0.018938
K324P,0.020306599999999998
K324Q,0.0247144
K324R,0.0135715
K324S,0.00880965
K324T,0.0278566
K324V,0.038733300000000005
K324W,0.044906
K324Y,0.019523099999999998
L325A,0.051534
L325C,0.060572400000000005
L325D,0.0779242
L325E,0.0707183
L325F,0.041963099999999996
L325G,0.0664924
L325H,0.060101999999999996
L325I,0.017977
L325K,0.07242660000000001
L325L,
L325M,0.06592680000000001
L325N,0.0733819
L325P,0.0595587
L325Q,0.07506510000000001
L325R,0.058657100000000004
L325S,0.053688
L325T,0.0627546
L325V,0.022808099999999998
L325W,0.07557430000000001
L325Y,0.0627105
V326A,0.0440497
V326C,0.05675830000000001
V326D,0.07036519999999999
V326E,0.07210599999999999
V326F,0.053191499999999996
V326G,0.0553914
V326H,0.07141460000000001
V326I,0.033157599999999995
V326K,0.0662614
V326L,0.021345799999999998
V326M,0.06196669999999999
V326N,0.07213530000000001
V326P,0.054276300000000006
V326Q,0.0801235
V326R,0.06728880000000001
V326S,0.0548798
V326T,0.049976
V326V,
V326W,0.07363539999999999
V326Y,0.07524249999999999
Q327A,0.0351884
Q327C,0.0501902
Q327D,0.02219
Q327E,0.030802099999999995
Q327F,0.0551163
Q327G,0.030782
Q327H,0.0395103
Q327I,0.05274740000000001
Q327K,0.00290101
Q327L,0.0309683
Q327M,0.050685900000000006
Q327N,0.0221442
Q327P,0.0143833
Q327Q,
Q327R,0.0134744
Q327S,0.0197255
Q327T,0.0316546
Q327V,0.036398400000000004
Q327W,0.0646633
Q327Y,0.05569690000000001
L328A,0.052357100000000004
L328C,0.06858869999999999
L328D,0.07389789999999999
L328E,0.08147639999999999
L328F,0.035292000000000004
L328G,0.0694819
L328H,0.0709997
L328I,0.0386228
L328K,0.0665935
L328L,
L328M,0.0610793
L328N,0.076976
L328P,0.053708000000000006
L328Q,0.0773911
L328R,0.0784607
L328S,0.061905999999999996
L328T,0.0594523
L328V,0.0296644
L328W,0.0759765
L328Y,0.0562683
Y329A,0.0461463
Y329C,0.06105990000000001
Y329D,0.0638611
Y329E,0.039486900000000005
Y329F,0.0185219
Y329G,0.05334590000000001
Y329H,0.03945030000000001
Y329I,0.0149954
Y329K,0.0456802
Y329L,0.00989446
Y329M,0.051643499999999995
Y329N,0.0529489
Y329P,0.06402630000000001
Y329Q,0.049687199999999994
Y329R,0.0297832
Y329S,0.060864
Y329T,0.0485501
Y329V,0.0211358
Y329W,0.0477015
Y329Y,
A330A,
A330C,0.05298440000000001
A330D,0.0182987
A330E,0.024899200000000003
A330F,0.0610969
A330G,-0.00724646
A330H,0.0542751
A330I,0.0582795
A330K,0.057084
A330L,0.048050300000000004
A330M,0.0652235
A330N,0.0367732
A330P,0.0532409
A330Q,0.0464591
A330R,0.042582300000000003
A330S,0.032955
A330T,0.0352298
A330V,0.050301099999999994
A330W,0.0650178
A330Y,0.0484151
V331A,0.0255571
V331C,0.0299033
V331D,0.0355987
V331E,0.041439300000000005
V331F,0.0251014
V331G,0.04433630000000001
V331H,0.0355631
V331I,0.004997
V331K,0.0390731
V331L,-0.00339894
V331M,0.039275199999999996
V331N,0.036275999999999996
V331P,0.0439711
V331Q,0.0451639
V331R,0.03579980000000001
V331S,0.0264972
V331T,0.0370793
V331V,
V331W,0.0432166
V331Y,0.0294165
V332A,0.0193375
V332C,0.0202023
V332D,0.025926099999999997
V332E,0.0321554
V332F,0.0180926
V332G,0.0178321
V332H,0.0377588
V332I,0.021325999999999998
V332K,0.0324855
V332L,0.00274186
V332M,0.0444874
V332N,0.03536
V332P,0.028718599999999997
V332Q,0.029958799999999997
V332R,0.035073
V332S,0.0156501
V332T,0.016200299999999997
V332V,
V332W,0.0358389
V332Y,0.023683000000000003
S333A,0.019446900000000003
S333C,0.06180830000000001
S333D,0.0225856
S333E,0.049143599999999996
S333F,0.05374740000000001
S333G,0.0303166
S333H,0.03628630000000001
S333I,0.0589612
S333K,0.0326161
S333L,0.0312475
S333M,0.07074169999999999
S333N,0.053815699999999994
S333P,0.0528659
S333Q,0.0450552
S333R,0.027657599999999997
S333S,
S333T,0.0293988
S333V,0.0512678
S333W,0.0571722
S333Y,0.056548400000000006
E334A,0.030245799999999996
E334C,0.06639389999999999
E334D,0.0168972
E334E,
E334F,0.05342040000000001
E334G,0.020949799999999998
E334H,0.05745
E334I,0.055043299999999996
E334K,0.042764800000000006
E334L,0.0471494
E334M,0.0691444
E334N,0.0313747
E334P,0.045401300000000006
E334Q,0.0425269
E334R,0.036973
E334S,0.027903300000000002
E334T,0.031644
E334V,0.049195300000000004
E334W,0.0677421
E334Y,0.0588207
E335A,0.0402654
E335C,0.0634675
E335D,0.0165584
E335E,
E335F,0.058708500000000004
E335G,0.022353799999999997
E335H,0.055577
E335I,0.055621800000000006
E335K,0.0138345
E335L,0.0375092
E335M,0.0631508
E335N,0.0325837
E335P,0.0201246
E335Q,0.0373235
E335R,0.0183617
E335S,0.0317171
E335T,0.0305973
E335V,0.053471500000000005
E335W,0.0748587
E335Y,0.0586962
P336A,0.032167900000000006
P336C,0.0437332
P336D,0.0221642
P336E,0.0252441
P336F,0.039869800000000004
P336G,0.0278567
P336H,0.024645300000000002
P336I,0.032558
P336K,0.0173181
P336L,0.0366496
P336M,0.0504345
P336N,0.0166922
P336P,
P336Q,0.036977800000000005
P336R,0.014119
P336S,0.00720589
P336T,0.0273351
P336V,0.0190465
P336W,0.05463869999999999
P336Y,0.0247874
I337A,0.018884599999999998
I337C,0.020663400000000002
I337D,0.0322693
I337E,0.0309969
I337F,0.0147047
I337G,0.0187639
I337H,0.0260139
I337I,
I337K,0.0251654
I337L,-0.00764984
I337M,0.024925799999999998
I337N,0.0203639
I337P,0.010716
I337Q,0.0274987
I337R,0.0209861
I337S,0.0175749
I337T,0.0192181
I337V,0.019546900000000002
I337W,0.044117199999999995
I337Y,0.016683700000000003
Y338A,0.027539099999999997
Y338C,0.0370839
Y338D,0.05930169999999999
Y338E,0.062469000000000004
Y338F,0.0253209
Y338G,0.0309183
Y338H,0.0511973
Y338I,0.036456199999999994
Y338K,0.0614671
Y338L,0.0291603
Y338M,0.0456608
Y338N,0.059415300000000004
Y338P,0.06474680000000001
Y338Q,0.055712300000000006
Y338R,0.039395599999999996
Y338S,0.033238
Y338T,0.052718799999999996
Y338V,0.0297355
Y338W,0.0554039
Y338Y,
I339A,0.043308099999999995
I339C,0.060318
I339D,0.0740577
I339E,0.050054
I339F,0.0305438
I339G,0.0629281
I339H,0.0636696
I339I,
I339K,0.06719630000000001
I339L,-0.016261
I339M,0.0280032
I339N,0.0604053
I339P,0.0602505
I339Q,0.0629394
I339R,0.0675423
I339S,0.0411909
I339T,0.0484874
I339V,0.021937
I339W,0.070131
I339Y,0.0426486
V340A,0.0346965
V340C,0.059078599999999995
V340D,0.07764960000000001
V340E,0.06541960000000001
V340F,0.06047759999999999
V340G,0.0700522
V340H,0.0854027
V340I,0.0372017
V340K,0.0819649
V340L,0.030341399999999998
V340M,0.059407299999999996
V340N,0.07372669999999999
V340P,0.0818392
V340Q,0.07141389999999999
V340R,0.06375700000000001
V340S,0.060843299999999996
V340T,0.06789819999999999
V340V,
V340W,0.0834285
V340Y,0.0634429
T341A,0.037414800000000005
T341C,0.03733
T341D,0.0469385
T341E,0.0374267
T341F,0.0135162
T341G,0.043991300000000004
T341H,0.0373795
T341I,0.0281834
T341K,0.0532038
T341L,-0.00282719
T341M,-0.00644586
T341N,0.0514519
T341P,0.0454011
T341Q,0.0327337
T341R,0.0335037
T341S,0.0146325
T341T,
T341V,0.031063499999999997
T341W,0.0423537
T341Y,0.0137005
E342A,0.0686945
E342C,0.101701
E342D,0.053830899999999994
E342E,
E342F,0.0931778
E342G,0.06906210000000002
E342H,0.07797660000000001
E342I,0.0870091
E342K,0.059655099999999996
E342L,0.0767818
E342M,0.0932364
E342N,0.0657145
E342P,0.05020669999999999
E342Q,0.0625811
E342R,0.0753755
E342S,0.050747900000000006
E342T,0.0728534
E342V,0.07667639999999999
E342W,0.10232000000000001
E342Y,0.0966565
Y343A,0.047801800000000005
Y343C,0.0515655
Y343D,0.061002
Y343E,0.059069100000000006
Y343F,0.030719299999999998
Y343G,0.059977300000000004
Y343H,0.0435026
Y343I,0.0539688
Y343K,0.0487399
Y343L,0.00636388
Y343M,0.053894700000000004
Y343N,0.0580268
Y343P,0.0496088
Y343Q,0.0500894
Y343R,0.021334
Y343S,0.0561871
Y343T,0.0434764
Y343V,0.05509630000000001
Y343W,0.037213300000000005
Y343Y,
M344A,0.00828735
M344C,0.00915353
M344D,0.05183189999999999
M344E,0.034306
M344F,0.0249861
M344G,0.034403199999999995
M344H,0.0370735
M344I,0.024055299999999998
M344K,0.0429325
M344L,-0.00115515
M344M,
M344N,0.0410774
M344P,0.024125
M344Q,0.043963
M344R,0.0359029
M344S,0.017131900000000002
M344T,0.034464499999999995
M344V,0.00464508
M344W,0.053757900000000004
M344Y,0.022229699999999998
S345A,0.027506400000000004
S345C,0.05438250000000001
S345D,0.026563200000000002
S345E,0.00675386
S345F,0.0432255
S345G,0.019684599999999997
S345H,0.0431219
S345I,0.0463506
S345K,0.0313508
S345L,0.0393304
S345M,0.0553268
S345N,0.0238546
S345P,0.0154614
S345Q,0.0273855
S345R,0.020780700000000003
S345S,
S345T,0.0233086
S345V,0.039996199999999996
S345W,0.0537436
S345Y,0.054955399999999995
K346A,0.037692199999999995
K346C,0.033583999999999996
K346D,0.0342295
K346E,0.0330683
K346F,0.051139
K346G,-0.0133123
K346H,0.0359017
K346I,0.046404400000000005
K346K,
K346L,0.0263179
K346M,0.055779199999999994
K346N,0.028331099999999998
K346P,0.043760400000000005
K346Q,0.0352675
K346R,0.0326283
K346S,0.0279575
K346T,0.0452329
K346V,0.0441511
K346W,0.059582100000000006
K346Y,0.0431996
G347A,0.0649216
G347C,0.0728564
G347D,0.0712053
G347E,0.062186
G347F,0.089003
G347G,
G347H,0.0781727
G347I,0.0786357
G347K,0.0724919
G347L,0.0667324
G347M,0.06702360000000002
G347N,0.055492599999999996
G347P,0.052826099999999994
G347Q,0.0732535
G347R,0.059506399999999994
G347S,0.0512276
G347T,0.07342699999999999
G347V,0.0666048
G347W,0.0935663
G347Y,0.0848315
S348A,0.0593212
S348C,0.0649807
S348D,0.0252503
S348E,0.0658714
S348F,0.0710828
S348G,0.06159590000000001
S348H,0.0710422
S348I,0.0687843
S348K,0.0538994
S348L,0.0578571
S348M,0.086947
S348N,0.0346573
S348P,0.042894800000000004
S348Q,0.06660110000000001
S348R,0.0530924
S348S,
S348T,0.013143799999999999
S348V,0.06861060000000001
S348W,0.08701339999999999
S348Y,0.07291139999999999
L349A,0.0714424
L349C,0.0893598
L349D,0.09920369999999999
L349E,0.09430160000000001
L349F,0.057995000000000005
L349G,0.0827382
L349H,0.10081699999999999
L349I,0.061534000000000005
L349K,0.0962225
L349L,
L349M,0.0684463
L349N,0.0976107
L349P,0.09254789999999999
L349Q,0.0899648
L349R,0.0777262
L349S,0.0797288
L349T,0.08588539999999999
L349V,0.057334300000000005
L349W,0.0859825
L349Y,0.0865756
L350A,0.00532547
L350C,0.0377559
L350D,0.00538995
L350E,-0.00768646
L350F,0.026957400000000003
L350G,0.0209946
L350H,0.0185836
L350I,0.0247287
L350K,0.00254436
L350L,
L350M,0.036711
L350N,0.0337884
L350P,0.029780400000000002
L350Q,0.012911
L350R,-0.00252978
L350S,-0.00515297
L350T,0.024008500000000002
L350V,0.023313999999999998
L350W,0.0333166
L350Y,0.0244025
D351A,0.0529812
D351C,0.0869422
D351D,
D351E,0.0318452
D351F,0.0844797
D351G,0.0647551
D351H,0.0667437
D351I,0.0824693
D351K,0.057712
D351L,0.0578149
D351M,0.08257460000000001
D351N,0.06385940000000001
D351P,0.0756557
D351Q,0.050189599999999994
D351R,0.0467632
D351S,0.0463147
D351T,0.0410401
D351V,0.0643604
D351W,0.0829571
D351Y,0.0709246
F352A,0.027407400000000002
F352C,0.0366353
F352D,0.0357027
F352E,0.0312645
F352F,
F352G,0.029399099999999997
F352H,0.0200088
F352I,0.00655019
F352K,0.022723
F352L,-0.00895214
F352M,0.022855599999999997
F352N,0.0441958
F352P,0.0322964
F352Q,0.0377243
F352R,0.013428299999999999
F352S,0.021342
F352T,0.019031599999999996
F352V,0.00847012
F352W,0.025425
F352Y,-0.00384687
L353A,0.07270839999999999
L353C,0.0729527
L353D,0.101534
L353E,0.0972063
L353F,0.0632709
L353G,0.104723
L353H,0.0888263
L353I,0.05924069999999999
L353K,0.0923656
L353L,
L353M,0.0805473
L353N,0.101686
L353P,0.0953557
L353Q,0.0941888
L353R,0.08132769999999999
L353S,0.0760964
L353T,0.08065180000000001
L353V,0.0708665
L353W,0.09237200000000001
L353Y,0.0717939
K354A,0.016192500000000002
K354C,0.0399316
K354D,0.022349400000000002
K354E,0.018186900000000002
K354F,0.035505300000000004
K354G,0.0412413
K354H,0.019870500000000003
K354I,0.0310911
K354K,
K354L,0.0363792
K354M,0.051004400000000005
K354N,0.0175071
K354P,0.0341981
K354Q,0.0156382
K354R,0.0035426999999999998
K354S,0.010361200000000001
K354T,0.0270425
K354V,0.0339646
K354W,0.0630809
K354Y,0.041016699999999996
G355A,0.016475099999999996
G355C,0.0378842
G355D,0.013455700000000001
G355E,0.0173814
G355F,0.0461327
G355G,
G355H,0.0369294
G355I,0.048361699999999994
G355K,0.011138
G355L,0.0324085
G355M,0.048415
G355N,0.0251726
G355P,0.0321685
G355Q,0.0163915
G355R,0.010314499999999999
G355S,0.022024400000000003
G355T,0.0296931
G355V,0.0248884
G355W,0.0526961
G355Y,0.048221
E356A,0.0191732
E356C,0.033656900000000003
E356D,0.00241251
E356E,
E356F,0.033986800000000005
E356G,0.031382099999999996
E356H,0.028715300000000003
E356I,0.028275900000000003
E356K,0.0130031
E356L,0.00847015
E356M,0.0505022
E356N,0.00871027
E356P,0.015544899999999999
E356Q,0.023163299999999998
E356R,0.0145951
E356S,0.020918799999999998
E356T,0.0201822
E356V,0.0358592
E356W,0.0521755
E356Y,0.036411900000000004
T357A,0.0142326
T357C,0.0333536
T357D,0.0239709
T357E,0.00982052
T357F,0.0374787
T357G,0.0244547
T357H,0.043836400000000005
T357I,0.0342425
T357K,0.0215427
T357L,0.0159941
T357M,0.0444706
T357N,0.018659799999999997
T357P,0.0276082
T357Q,0.025300599999999996
T357R,0.034810900000000006
T357S,0.013743200000000002
T357T,
T357V,0.022174
T357W,0.06019259999999999
T357Y,0.040088099999999995
G358A,0.040247399999999996
G358C,0.053673900000000004
G358D,0.0344041
G358E,0.0411156
G358F,0.0516427
G358G,
G358H,0.0472584
G358I,0.044665699999999996
G358K,0.0398564
G358L,0.04996969999999999
G358M,0.0569514
G358N,0.033612199999999995
G358P,0.04347619999999999
G358Q,0.0443485
G358R,0.028447000000000004
G358S,0.026944
G358T,0.0353072
G358V,0.0441974
G358W,0.072662
G358Y,0.059399
K359A,0.030238099999999997
K359C,0.0581341
K359D,0.035078500000000006
K359E,0.025315400000000002
K359F,0.0480434
K359G,0.00942617
K359H,0.045792
K359I,0.042222699999999995
K359K,
K359L,0.0410747
K359M,0.053691199999999994
K359N,0.0195857
K359P,0.0238173
K359Q,0.0361202
K359R,0.0190438
K359S,0.031363
K359T,0.0299688
K359V,0.0478139
K359W,0.0510816
K359Y,0.046163300000000004
Y360A,0.030782599999999997
Y360C,0.0369019
Y360D,0.0238477
Y360E,0.0170501
Y360F,0.013150299999999998
Y360G,0.0172332
Y360H,0.026775599999999997
Y360I,0.019976499999999998
Y360K,0.0319249
Y360L,0.00899958
Y360M,0.0407344
Y360N,0.0311291
Y360P,0.0202388
Y360Q,0.0266164
Y360R,0.018499400000000003
Y360S,0.024399
Y360T,0.0198124
Y360V,0.0178648
Y360W,0.0218271
Y360Y,
L361A,0.0513071
L361C,0.0837082
L361D,0.0604837
L361E,0.060388599999999994
L361F,0.0407573
L361G,0.0707464
L361H,0.0744706
L361I,0.0468639
L361K,0.0743075
L361L,
L361M,0.056843399999999995
L361N,0.0698564
L361P,0.0646087
L361Q,0.059071500000000006
L361R,0.06120830000000001
L361S,0.07286849999999999
L361T,0.06269279999999999
L361V,0.0490344
L361W,0.07564560000000001
L361Y,0.0687847
R362A,0.022619
R362C,0.0451444
R362D,0.0172651
R362E,0.032755400000000004
R362F,0.045788199999999994
R362G,0.028558
R362H,0.039363999999999996
R362I,0.05490830000000001
R362K,0.0228067
R362L,0.0426727
R362M,0.0501102
R362N,0.0326032
R362P,0.0217033
R362Q,0.019816
R362R,
R362S,0.0140172
R362T,0.013147999999999998
R362V,0.0411276
R362W,0.0549855
R362Y,0.046561
L363A,0.0514136
L363C,0.06848380000000001
L363D,0.0579983
L363E,0.048169
L363F,0.032077499999999995
L363G,0.06703139999999999
L363H,0.06144019999999999
L363I,0.0396175
L363K,0.0623408
L363L,
L363M,0.0459592
L363N,0.0545495
L363P,0.04373869999999999
L363Q,0.054435000000000004
L363R,0.0591039
L363S,0.047794300000000005
L363T,0.0603144
L363V,0.027080200000000002
L363W,0.04209280000000001
L363Y,0.05417759999999999
P364A,0.0162377
P364C,0.051628
P364D,0.0225243
P364E,0.0164763
P364F,0.0454718
P364G,0.0306635
P364H,0.0429275
P364I,0.0327315
P364K,0.019510200000000002
P364L,0.035310900000000006
P364M,0.051221
P364N,0.0235712
P364P,
P364Q,0.0254527
P364R,0.0347712
P364S,0.021371200000000003
P364T,0.0361014
P364V,0.0340566
P364W,0.0546289
P364Y,0.0436235
Q365A,0.0160833
Q365C,0.023980599999999998
Q365D,0.0120131
Q365E,0.000126466
Q365F,0.0247142
Q365G,0.0228956
Q365H,0.024904
Q365I,0.0182018
Q365K,0.00299093
Q365L,0.00467052
Q365M,0.025916700000000004
Q365N,0.0162841
Q365P,0.0249722
Q365Q,
Q365R,0.00951226
Q365S,0.00208641
Q365T,0.00187172
Q365V,0.0179899
Q365W,0.028017200000000003
Q365Y,0.0205345
L366A,0.0396691
L366C,0.045974
L366D,0.0560835
L366E,0.055681299999999996
L366F,0.0480851
L366G,0.0431161
L366H,0.0629571
L366I,0.0246024
L366K,0.0181274
L366L,
L366M,0.0541073
L366N,0.0608135
L366P,0.050813300000000006
L366Q,0.0471459
L366R,0.025660900000000004
L366S,0.042526
L366T,0.0432198
L366V,0.0110917
L366W,0.05955560000000001
L366Y,0.0534064
V367A,-0.00582689
V367C,0.0149719
V367D,0.0360551
V367E,0.0224355
V367F,0.0116626
V367G,0.0205931
V367H,0.0364317
V367I,-0.010850299999999998
V367K,0.0108242
V367L,-0.022123
V367M,0.0145488
V367N,0.0324228
V367P,0.0173867
V367Q,0.0273601
V367R,-0.00298816
V367S,0.0195165
V367T,0.0183402
V367V,
V367W,0.0176208
V367Y,0.0158159
D368A,0.0176837
D368C,0.0429048
D368D,
D368E,0.018605299999999998
D368F,0.0344194
D368G,0.0241734
D368H,0.028771699999999997
D368I,0.0343028
D368K,0.0144509
D368L,0.018668599999999997
D368M,0.0293428
D368N,0.0123719
D368P,0.0231848
D368Q,0.014843299999999999
D368R,-0.00454905
D368S,0.00113476
D368T,0.0220105
D368V,0.023136
D368W,0.038984
D368Y,0.0398501
M369A,0.016702900000000003
M369C,0.024448400000000002
M369D,0.0495848
M369E,0.0424365
M369F,4.09455e-05
M369G,0.0428458
M369H,0.036097000000000004
M369I,-0.0274625
M369K,0.0336784
M369L,-0.0184729
M369M,
M369N,0.035995400000000004
M369P,0.0447722
M369Q,0.031199099999999997
M369R,0.0282735
M369S,0.014078899999999998
M369T,0.020447200000000002
M369V,-0.0005502080000000001
M369W,0.020950299999999998
M369Y,0.0159476
A370A,
A370C,0.056649
A370D,0.073655
A370E,0.070991
A370F,0.0485608
A370G,0.0477709
A370H,0.0724515
A370I,0.025274900000000003
A370K,0.0737417
A370L,0.0323597
A370M,0.053833500000000006
A370N,0.07411330000000001
A370P,0.0584235
A370Q,0.06912599999999999
A370R,0.07155089999999999
A370S,0.052867599999999994
A370T,0.05387140000000001
A370V,0.036709399999999996
A370W,0.07206230000000001
A370Y,0.07584149999999999
A371A,
A371C,0.03480080000000001
A371D,0.045779400000000005
A371E,0.017131599999999997
A371F,0.019468700000000002
A371G,0.015843899999999998
A371H,0.026675499999999998
A371I,0.0189338
A371K,0.00800673
A371L,-0.00755772
A371M,0.0419555
A371N,0.0363796
A371P,0.039827999999999995
A371Q,0.016197
A371R,0.00820096
A371S,0.0217805
A371T,0.0288127
A371V,0.0242296
A371W,0.047678899999999996
A371Y,0.033965499999999996
Q372A,0.0284488
Q372C,0.052823300000000004
Q372D,0.0244271
Q372E,0.012774200000000001
Q372F,0.06397169999999999
Q372G,0.0203596
Q372H,0.0478453
Q372I,0.0619101
Q372K,0.0387303
Q372L,0.047302
Q372M,0.07034119999999999
Q372N,0.0285008
Q372P,0.0506444
Q372Q,
Q372R,0.046462199999999995
Q372S,0.0368587
Q372T,0.0494055
Q372V,0.057785699999999995
Q372W,0.0781044
Q372Y,0.0660794
I373A,0.032996199999999996
I373C,0.0497144
I373D,0.07065419999999999
I373E,0.0658302
I373F,0.052519
I373G,0.0646978
I373H,0.07193719999999999
I373I,
I373K,0.0721961
I373L,0.007655599999999999
I373M,0.042966500000000005
I373N,0.07241510000000001
I373P,0.0633335
I373Q,0.06679860000000001
I373R,0.06324540000000001
I373S,0.0504547
I373T,0.0453838
I373V,0.0203078
I373W,0.0761683
I373Y,0.0679249
A374A,
A374C,0.05389580000000001
A374D,0.069123
A374E,0.07087489999999999
A374F,0.0677779
A374G,0.0621674
A374H,0.0727314
A374I,0.036963
A374K,0.08410160000000001
A374L,0.041811900000000006
A374M,0.06969310000000001
A374N,0.07164019999999999
A374P,0.083118
A374Q,0.0704939
A374R,0.0814715
A374S,0.045869400000000005
A374T,0.047958
A374V,0.0358293
A374W,0.08519689999999999
A374Y,0.0760465
S375A,0.00386586
S375C,0.0250303
S375D,0.016952500000000002
S375E,0.00243973
S375F,0.0235725
S375G,0.017781400000000003
S375H,0.030603700000000005
S375I,0.0278423
S375K,9.792290000000001e-05
S375L,0.0192045
S375M,0.026358600000000003
S375N,0.00977193
S375P,0.019522099999999997
S375Q,0.00702189
S375R,-0.00709685
S375S,
S375T,0.00875268
S375V,0.0226483
S375W,0.045895
S375Y,0.0241363
G376A,0.0007605719999999999
G376C,0.048839999999999995
G376D,0.0613043
G376E,0.0665163
G376F,0.0646789
G376G,
G376H,0.0677486
G376I,0.05509490000000001
G376K,0.05968590000000001
G376L,0.0380225
G376M,0.07852360000000001
G376N,0.0617005
G376P,0.05689740000000001
G376Q,0.0718188
G376R,0.046919300000000004
G376S,0.0402917
G376T,0.0294892
G376V,0.050440399999999996
G376W,0.0844784
G376Y,0.0733393
M377A,0.0262651
M377C,0.044199300000000004
M377D,0.059355899999999996
M377E,0.0423642
M377F,0.0324423
M377G,0.052931500000000006
M377H,0.045701099999999995
M377I,0.0202538
M377K,0.044391599999999996
M377L,-0.0225853
M377M,
M377N,0.053327099999999995
M377P,0.051355700000000004
M377Q,0.0495761
M377R,0.043581800000000004
M377S,0.047398
M377T,0.036621499999999994
M377V,0.015902200000000002
M377W,0.0624871
M377Y,0.030263400000000003
A378A,
A378C,0.051527199999999995
A378D,0.00654746
A378E,0.00316793
A378F,0.049221499999999994
A378G,0.0269474
A378H,0.0173027
A378I,0.040785300000000003
A378K,0.0354709
A378L,0.0342989
A378M,0.033161500000000003
A378N,0.0323144
A378P,0.0514554
A378Q,0.01704
A378R,0.020733500000000002
A378S,0.0131167
A378T,0.0215522
A378V,0.03372940000000001
A378W,0.062087199999999995
A378Y,0.0437732
Y379A,0.0383218
Y379C,0.0546997
Y379D,0.0431829
Y379E,0.044240800000000004
Y379F,0.0258185
Y379G,0.0603841
Y379H,0.0445627
Y379I,0.0592481
Y379K,0.0498982
Y379L,0.0351055
Y379M,0.07427439999999999
Y379N,0.0530399
Y379P,0.0679207
Y379Q,0.0500592
Y379R,0.061252999999999995
Y379S,0.0461461
Y379T,0.0499719
Y379V,0.058768499999999994
Y379W,0.047561
Y379Y,
V380A,0.0117429
V380C,0.0108402
V380D,0.0353995
V380E,0.0395904
V380F,0.0168399
V380G,0.0307769
V380H,0.042108
V380I,-0.0121854
V380K,0.047585699999999995
V380L,-0.033477
V380M,0.0182064
V380N,0.0474932
V380P,0.0359467
V380Q,0.0363698
V380R,0.042232
V380S,0.0399835
V380T,0.0179196
V380V,
V380W,0.03909
V380Y,0.0382721
E381A,0.0244393
E381C,0.049487
E381D,0.0391429
E381E,
E381F,0.049419
E381G,0.036427999999999995
E381H,-0.0217203
E381I,0.055436599999999996
E381K,0.0357424
E381L,0.020619099999999998
E381M,0.04979
E381N,0.0390073
E381P,0.041506699999999994
E381Q,0.026886400000000005
E381R,0.0235384
E381S,0.0179667
E381T,0.0279431
E381V,0.0517089
E381W,0.055796000000000005
E381Y,0.0406912
R382A,0.0177013
R382C,0.0610992
R382D,0.025771299999999997
R382E,0.000805901
R382F,0.0518232
R382G,0.0189199
R382H,0.0414958
R382I,0.041594599999999995
R382K,0.029739099999999997
R382L,0.0309008
R382M,0.0518111
R382N,0.0344324
R382P,0.053595500000000004
R382Q,0.0232065
R382R,
R382S,0.00537714
R382T,0.019108700000000003
R382V,0.043802
R382W,0.057360699999999994
R382Y,0.052438099999999994
M383A,-0.0136183
M383C,0.00258318
M383D,0.016201
M383E,-0.00785689
M383F,0.0048741999999999995
M383G,0.0140494
M383H,-0.00592653
M383I,0.0071544
M383K,-0.0246362
M383L,-0.01137
M383M,
M383N,0.00935814
M383P,0.00900875
M383Q,-0.00889471
M383R,-0.026751799999999996
M383S,-0.0179753
M383T,0.00185214
M383V,-0.000689838
M383W,0.0318384
M383Y,0.00333063
N384A,0.015209499999999999
N384C,0.0523031
N384D,0.0305623
N384E,0.028298900000000002
N384F,0.0553073
N384G,-0.00625295
N384H,0.042587
N384I,0.056436
N384K,0.0230063
N384L,0.0417644
N384M,0.05708819999999999
N384N,
N384P,0.019221099999999998
N384Q,0.0250452
N384R,0.027285400000000005
N384S,0.011278
N384T,0.0386098
N384V,0.0415415
N384W,0.06201810000000001
N384Y,0.0500453
Y385A,0.0169315
Y385C,0.024225
Y385D,0.0333426
Y385E,0.0217337
Y385F,0.00663174
Y385G,0.022330900000000004
Y385H,0.0248607
Y385I,-0.022681599999999996
Y385K,0.024658700000000002
Y385L,-0.0101046
Y385M,0.0203802
Y385N,0.04049559999999999
Y385P,0.03406169999999999
Y385Q,0.0323713
Y385R,0.0177915
Y385S,0.021562599999999998
Y385T,0.017868400000000003
Y385V,-0.011434
Y385W,0.0270702
Y385Y,
V386A,0.0272805
V386C,0.0529764
V386D,0.0672766
V386E,0.06823739999999999
V386F,0.0344095
V386G,0.046814499999999995
V386H,0.0572659
V386I,0.016913900000000003
V386K,0.0517263
V386L,0.0114616
V386M,0.0651853
V386N,0.049192400000000004
V386P,0.0477645
V386Q,0.0628289
V386R,0.0527785
V386S,0.0525063
V386T,0.0332165
V386V,
V386W,0.070323
V386Y,0.041239
H387A,0.06330830000000001
H387C,0.0626837
H387D,0.0534918
H387E,0.0582865
H387F,0.053557299999999995
H387G,0.055678
H387H,
H387I,0.049576499999999996
H387K,0.0672677
H387L,0.037984
H387M,0.0700971
H387N,0.052178800000000004
H387P,0.052376599999999995
H387Q,0.0542318
H387R,0.050311800000000004
H387S,0.0407133
H387T,0.0424969
H387V,0.0389297
H387W,0.0707689
H387Y,0.0234728
R388A,0.0322091
R388C,0.037558499999999995
R388D,0.055884699999999995
R388E,0.0520822
R388F,0.054261199999999996
R388G,0.00634652
R388H,0.0475398
R388I,0.042973500000000005
R388K,0.0351134
R388L,0.0236573
R388M,0.0487745
R388N,0.04515
R388P,0.04644330000000001
R388Q,0.0496666
R388R,
R388S,0.0352315
R388T,0.0373573
R388V,0.036874000000000004
R388W,0.0690137
R388Y,0.0554828
D389A,0.058857900000000005
D389C,0.07551519999999999
D389D,
D389E,0.0670056
D389F,0.068136
D389G,0.057092899999999995
D389H,0.0725034
D389I,0.087548
D389K,0.0754014
D389L,0.0809854
D389M,0.0935804
D389N,0.0396374
D389P,0.080977
D389Q,0.0720341
D389R,0.0580134
D389S,0.041423
D389T,0.0583735
D389V,0.0787973
D389W,0.0902706
D389Y,0.07122610000000001
L390A,0.0716003
L390C,0.0842711
L390D,0.0844342
L390E,0.083689
L390F,0.0506017
L390G,0.0821983
L390H,0.0826242
L390I,0.014271500000000001
L390K,0.0817392
L390L,
L390M,0.059889599999999994
L390N,0.0789403
L390P,0.07404089999999999
L390Q,0.08067310000000001
L390R,0.07844060000000001
L390S,0.0755779
L390T,0.0828313
L390V,0.0315291
L390W,0.0782749
L390Y,0.0718468
R391A,0.038062
R391C,0.0413883
R391D,0.0284802
R391E,0.028010300000000002
R391F,0.0387082
R391G,0.03564880000000001
R391H,0.026226799999999998
R391I,0.0368916
R391K,-0.0050236000000000005
R391L,0.036113400000000004
R391M,0.0622331
R391N,0.022697099999999998
R391P,0.035463699999999994
R391Q,0.0295019
R391R,
R391S,-0.0010654000000000002
R391T,0.0104229
R391V,0.035668599999999995
R391W,0.0508267
R391Y,0.04751369999999999
A392A,
A392C,0.0351401
A392D,0.0265932
A392E,0.021823500000000003
A392F,0.049423400000000006
A392G,0.0223336
A392H,0.0433478
A392I,0.0392292
A392K,0.0386187
A392L,-0.000367672
A392M,0.040919199999999996
A392N,0.0428856
A392P,-0.0187769
A392Q,0.0453099
A392R,0.050742800000000005
A392S,0.015133500000000001
A392T,0.0246037
A392V,0.0235782
A392W,0.053122300000000004
A392Y,0.05153390000000001
A393A,
A393C,0.048017699999999996
A393D,0.00487234
A393E,-0.00568812
A393F,0.0500654
A393G,0.0215951
A393H,0.0272272
A393I,0.047942
A393K,0.011859399999999999
A393L,0.029042099999999998
A393M,0.044207300000000005
A393N,0.0114234
A393P,0.030402600000000002
A393Q,0.026889999999999997
A393R,0.0318493
A393S,0.00260458
A393T,0.0228217
A393V,0.038127999999999995
A393W,0.0538082
A393Y,0.0385835
N394A,0.06488909999999999
N394C,0.0839185
N394D,0.0641544
N394E,0.08393099999999999
N394F,0.0945071
N394G,0.0747593
N394H,0.0669732
N394I,0.0862946
N394K,0.0711298
N394L,0.083566
N394M,0.0971784
N394N,
N394P,0.0868816
N394Q,0.0751809
N394R,0.0800447
N394S,0.0540341
N394T,0.0687305
N394V,0.08050410000000001
N394W,0.0976764
N394Y,0.0830224
I395A,0.06353099999999999
I395C,0.0551253
I395D,0.0850553
I395E,0.0815539
I395F,0.03917469999999999
I395G,0.07573919999999999
I395H,0.0878683
I395I,
I395K,0.07656410000000001
I395L,0.0466984
I395M,0.0648636
I395N,0.09208889999999999
I395P,0.07648819999999999
I395Q,0.0806499
I395R,0.0740548
I395S,0.0740345
I395T,0.0629755
I395V,0.0354977
I395W,0.0826596
I395Y,0.0706335
L396A,0.056080700000000004
L396C,0.05935830000000001
L396D,0.0683119
L396E,0.0661137
L396F,0.018191
L396G,0.0546163
L396H,0.0663429
L396I,0.0531641
L396K,0.0645168
L396L,
L396M,0.025315999999999998
L396N,0.0822626
L396P,0.06667460000000001
L396Q,0.06447699999999999
L396R,0.06786160000000001
L396S,0.045905699999999994
L396T,0.059608400000000006
L396V,0.030417000000000003
L396W,0.06612260000000002
L396Y,0.0468515
V397A,0.050049
V397C,0.054240699999999996
V397D,0.062398800000000004
V397E,0.0573409
V397F,0.047798099999999996
V397G,0.0685953
V397H,0.0658841
V397I,0.0194555
V397K,0.06862130000000001
V397L,-0.00327674
V397M,0.05334019999999999
V397N,0.0642737
V397P,0.062227599999999994
V397Q,0.05939019999999999
V397R,0.050327699999999996
V397S,0.0448798
V397T,0.045883099999999996
V397V,
V397W,0.0535781
V397Y,0.04446869999999999
G398A,0.0394531
G398C,0.06766230000000001
G398D,0.0197987
G398E,0.043350400000000004
G398F,0.0516082
G398G,
G398H,0.049087
G398I,0.0728272
G398K,0.0448718
G398L,0.0455983
G398M,0.0539812
G398N,0.027280099999999998
G398P,0.0529404
G398Q,0.054943200000000005
G398R,0.0432037
G398S,0.0236508
G398T,0.031569400000000004
G398V,0.049757499999999996
G398W,0.07054980000000001
G398Y,0.0582247
E399A,0.0247512
E399C,0.060446400000000004
E399D,0.0167638
E399E,
E399F,0.0576818
E399G,0.033837099999999995
E399H,0.0365254
E399I,0.0396061
E399K,0.038537
E399L,0.032437799999999996
E399M,0.05926939999999999
E399N,0.031110000000000002
E399P,0.028241200000000004
E399Q,0.0301757
E399R,0.025720099999999996
E399S,0.0231384
E399T,0.02638
E399V,0.0434407
E399W,0.05684680000000001
E399Y,0.0355959
N400A,0.0277847
N400C,0.05046369999999999
N400D,0.00593985
N400E,0.0124346
N400F,0.0408141
N400G,0.020715400000000002
N400H,0.033443900000000006
N400I,0.0444347
N400K,0.027763299999999998
N400L,0.0342406
N400M,0.0564135
N400N,
N400P,0.00494695
N400Q,0.0339941
N400R,0.019706599999999998
N400S,0.00906912
N400T,0.0151659
N400V,0.040423
N400W,0.0452061
N400Y,0.039106699999999994
L401A,0.0380465
L401C,0.049766399999999995
L401D,0.041929400000000006
L401E,0.0370147
L401F,0.044069800000000006
L401G,0.0160992
L401H,0.0491026
L401I,0.0445649
L401K,0.0381707
L401L,
L401M,0.0499993
L401N,0.034526
L401P,0.0326124
L401Q,0.062025699999999996
L401R,0.0471288
L401S,0.0474593
L401T,0.043988400000000004
L401V,0.038698699999999996
L401W,0.052477499999999996
L401Y,0.0369312
V402A,0.0201726
V402C,0.0450955
V402D,0.0253821
V402E,0.0161021
V402F,0.0395593
V402G,0.0236153
V402H,0.031395299999999994
V402I,0.017484799999999998
V402K,0.00715235
V402L,0.0162799
V402M,0.0279817
V402N,0.023297
V402P,0.0287481
V402Q,0.0170266
V402R,0.014280500000000002
V402S,0.021842700000000003
V402T,0.00749566
V402V,
V402W,0.0423225
V402Y,0.0403751
C403A,-0.00957749
C403C,
C403D,0.014635599999999999
C403E,0.0139779
C403F,0.00361398
C403G,0.0111867
C403H,0.0325435
C403I,-0.026177099999999995
C403K,0.0208643
C403L,-0.019091099999999996
C403M,0.0222362
C403N,0.0264404
C403P,-0.0181377
C403Q,0.0304476
C403R,0.0179036
C403S,-0.00220349
C403T,0.00413419
C403V,-0.035676599999999996
C403W,0.0173922
C403Y,0.0005744519999999999
K404A,0.0647657
K404C,0.06568389999999999
K404D,0.0844753
K404E,0.0771224
K404F,0.07929910000000001
K404G,0.08195980000000001
K404H,0.0674789
K404I,0.0638456
K404K,
K404L,0.060148
K404M,0.0598975
K404N,0.0769423
K404P,0.08060360000000001
K404Q,0.0662646
K404R,0.042228800000000004
K404S,0.0582453
K404T,0.0666202
K404V,0.0591726
K404W,0.0778464
K404Y,0.051292599999999994
V405A,0.030548400000000003
V405C,0.0418785
V405D,0.05827080000000001
V405E,0.052653399999999996
V405F,0.0269885
V405G,0.0552816
V405H,0.0575501
V405I,-0.00202258
V405K,0.035374699999999995
V405L,-0.04693630000000001
V405M,0.0353232
V405N,0.056144900000000005
V405P,0.0497772
V405Q,0.050410500000000004
V405R,0.0484699
V405S,0.0361246
V405T,0.0328705
V405V,
V405W,0.04924509999999999
V405Y,0.03943680000000001
A406A,
A406C,0.018561900000000003
A406D,0.03823
A406E,0.0235857
A406F,0.0329272
A406G,-0.0034388000000000005
A406H,0.038560199999999996
A406I,0.00781832
A406K,0.0391611
A406L,0.012103399999999999
A406M,0.0262632
A406N,0.0296272
A406P,0.0347576
A406Q,0.0402259
A406R,0.039969
A406S,0.00167847
A406T,-0.00289261
A406V,0.0219261
A406W,0.056702800000000005
A406Y,0.035544400000000004
D407A,0.0743957
D407C,0.0857758
D407D,
D407E,0.058419000000000006
D407F,0.0891194
D407G,0.0453275
D407H,0.0755833
D407I,0.0858304
D407K,0.07537999999999999
D407L,0.0812833
D407M,0.100853
D407N,0.051111500000000004
D407P,0.0745063
D407Q,0.08197689999999999
D407R,0.0795223
D407S,0.0591538
D407T,0.083297
D407V,0.0912418
D407W,0.100738
D407Y,0.0919159
F408A,0.053327099999999995
F408C,0.0598601
F408D,0.0834282
F408E,0.0771502
F408F,
F408G,0.0681054
F408H,0.07146010000000001
F408I,0.0555181
F408K,0.0802723
F408L,0.019087200000000002
F408M,0.0603439
F408N,0.08767230000000001
F408P,0.05546860000000001
F408Q,0.0767446
F408R,0.0725886
F408S,0.067663
F408T,0.0600952
F408V,0.0523461
F408W,0.051240499999999994
F408Y,0.0325378
G409A,0.08077580000000001
G409C,0.09207219999999999
G409D,0.0877898
G409E,0.0746438
G409F,0.09933589999999999
G409G,
G409H,0.10409600000000001
G409I,0.10664000000000001
G409K,0.0923377
G409L,0.103907
G409M,0.102393
G409N,0.0787744
G409P,0.097801
G409Q,0.084146
G409R,0.091645
G409S,0.0785558
G409T,0.09388869999999999
G409V,0.108608
G409W,0.10558
G409Y,0.107849
L410A,0.034326199999999994
L410C,0.060214699999999996
L410D,0.07412569999999999
L410E,0.0461477
L410F,0.049419599999999994
L410G,0.0535433
L410H,0.0581379
L410I,0.0254496
L410K,0.05137719999999999
L410L,
L410M,0.0521827
L410N,0.052712300000000004
L410P,0.0598621
L410Q,0.0484207
L410R,0.049089999999999995
L410S,0.034957
L410T,0.0547606
L410V,0.0443805
L410W,0.0597578
L410Y,0.0535793
A411A,
A411C,0.0278755
A411D,0.0585092
A411E,0.0626154
A411F,0.046837699999999996
A411G,0.0416131
A411H,0.0625486
A411I,0.0496777
A411K,0.0476899
A411L,0.03300530000000001
A411M,0.059645000000000004
A411N,0.0521294
A411P,0.05422090000000001
A411Q,0.0597477
A411R,0.0466191
A411S,0.035785199999999996
A411T,0.0384995
A411V,0.033851599999999996
A411W,0.0758792
A411Y,0.06538630000000001
R412A,0.029652299999999996
R412C,0.053573300000000004
R412D,0.0574215
R412E,0.0387653
R412F,0.045032800000000005
R412G,0.0460804
R412H,0.050117800000000004
R412I,0.0496315
R412K,0.0335469
R412L,0.0530836
R412M,0.05653969999999999
R412N,0.05264
R412P,0.045107999999999995
R412Q,0.0404933
R412R,
R412S,0.0412635
R412T,0.0351775
R412V,0.0389188
R412W,0.0680479
R412Y,0.049813699999999995
L413A,0.019311500000000002
L413C,0.048963400000000004
L413D,0.023557599999999998
L413E,0.0262361
L413F,0.018025799999999998
L413G,0.0422551
L413H,0.046245800000000004
L413I,0.0204683
L413K,0.025627299999999995
L413L,
L413M,0.0379766
L413N,0.0367209
L413P,0.01835
L413Q,0.0219018
L413R,0.0211647
L413S,0.0265548
L413T,0.0244935
L413V,0.032863300000000005
L413W,0.0534688
L413Y,0.0310389
I414A,0.0239232
I414C,0.0626027
I414D,0.0484204
I414E,0.032789
I414F,0.032466300000000003
I414G,0.047142500000000004
I414H,0.0432826
I414I,
I414K,0.0464584
I414L,0.018306
I414M,0.045757599999999995
I414N,0.054318700000000004
I414P,0.0460062
I414Q,0.0385333
I414R,0.0400675
I414S,0.0426536
I414T,0.029817200000000002
I414V,0.016725599999999997
I414W,0.0564004
I414Y,0.029367
E415A,0.0236145
E415C,0.0261558
E415D,0.0110336
E415E,
E415F,0.027460900000000003
E415G,-0.00380272
E415H,0.0152768
E415I,0.0236691
E415K,0.00212226
E415L,0.0171291
E415M,0.0393631
E415N,0.026638
E415P,0.00879921
E415Q,0.025352200000000002
E415R,0.0223502
E415S,0.0014767
E415T,0.0122986
E415V,0.028823599999999998
E415W,0.040355
E415Y,0.0306806
D416A,0.0277462
D416C,0.046835
D416D,
D416E,0.016656400000000002
D416F,0.0584236
D416G,0.0317777
D416H,0.0294732
D416I,0.048014999999999995
D416K,0.0299323
D416L,0.0215439
D416M,0.0558311
D416N,0.027282999999999998
D416P,0.0279689
D416Q,0.0516016
D416R,0.03361769999999999
D416S,0.0225734
D416T,0.0186727
D416V,0.030479900000000004
D416W,0.061378999999999996
D416Y,0.053992
N417A,0.031242000000000002
N417C,0.0603187
N417D,0.026153899999999997
N417E,0.027788999999999998
N417F,0.048596600000000004
N417G,0.00367966
N417H,0.039693900000000004
N417I,0.043979199999999996
N417K,0.029187400000000002
N417L,0.031239599999999996
N417M,0.042827199999999996
N417N,
N417P,0.028844400000000003
N417Q,0.034763800000000004
N417R,0.0367526
N417S,0.015366399999999999
N417T,0.0229724
N417V,0.030911400000000002
N417W,0.0578438
N417Y,0.0534994
E418A,0.048175199999999994
E418C,0.0619224
E418D,0.035212
E418E,
E418F,0.06797410000000001
E418G,0.033049
E418H,0.0487235
E418I,0.0585851
E418K,0.0499962
E418L,0.0409662
E418M,0.058177099999999995
E418N,0.041271300000000004
E418P,0.033319
E418Q,0.044005199999999994
E418R,0.041605500000000004
E418S,0.039386300000000006
E418T,0.0490659
E418V,0.0406539
E418W,0.06688630000000001
E418Y,0.0548812
Y419A,0.0100295
Y419C,0.0406892
Y419D,0.026290300000000003
Y419E,0.0166793
Y419F,0.0141862
Y419G,0.014783899999999999
Y419H,0.035077199999999996
Y419I,0.0194586
Y419K,0.022290200000000003
Y419L,0.00415267
Y419M,0.031542
Y419N,0.0255965
Y419P,0.0213354
Y419Q,0.0299123
Y419R,0.0173735
Y419S,0.0161125
Y419T,0.0162114
Y419V,0.0209926
Y419W,0.038551199999999994
Y419Y,
T420A,0.0350475
T420C,0.0434466
T420D,0.031213799999999996
T420E,0.0397497
T420F,0.0489125
T420G,0.039043400000000006
T420H,0.0445075
T420I,0.0406821
T420K,0.026894099999999997
T420L,0.036860699999999996
T420M,0.0475357
T420N,0.029411400000000004
T420P,0.041063499999999996
T420Q,0.0468626
T420R,0.0383856
T420S,0.0192312
T420T,
T420V,0.024369799999999997
T420W,0.062127800000000004
T420Y,0.0493234
A421A,
A421C,0.0378978
A421D,0.0343083
A421E,0.0286948
A421F,0.040604
A421G,0.027289599999999997
A421H,0.0419334
A421I,0.0306178
A421K,0.025791200000000004
A421L,0.0224193
A421M,0.0509975
A421N,0.038139400000000004
A421P,0.0240084
A421Q,0.030788999999999997
A421R,0.027775900000000003
A421S,0.020891200000000002
A421T,0.028356299999999997
A421V,0.0298774
A421W,0.059708199999999996
A421Y,0.0341751
R422A,0.049289599999999996
R422C,0.0640404
R422D,0.047145
R422E,0.040230400000000006
R422F,0.0615861
R422G,0.0482734
R422H,0.0553374
R422I,0.0567033
R422K,0.0376483
R422L,0.0451436
R422M,0.0669468
R422N,0.0497936
R422P,0.0546337
R422Q,0.048521100000000005
R422R,
R422S,0.0437183
R422T,0.0379022
R422V,0.06407280000000001
R422W,0.0832947
R422Y,0.06886339999999999
Q423A,0.035952
Q423C,0.05427130000000001
Q423D,0.032485700000000006
Q423E,0.0383601
Q423F,0.046351199999999995
Q423G,0.0400975
Q423H,0.03609369999999999
Q423I,0.0379652
Q423K,0.0291698
Q423L,0.0354794
Q423M,0.0487913
Q423N,0.0377402
Q423P,0.036012199999999994
Q423Q,
Q423R,0.019361700000000003
Q423S,0.026496299999999997
Q423T,0.0259803
Q423V,0.026891500000000002
Q423W,0.0644932
Q423Y,0.0491224
G424A,0.0277173
G424C,0.0443005
G424D,0.0383579
G424E,0.0241393
G424F,0.060399400000000006
G424G,
G424H,0.043615499999999995
G424I,0.04989980000000001
G424K,0.0337642
G424L,0.0287703
G424M,0.049594599999999996
G424N,0.0450544
G424P,0.0359661
G424Q,0.0547731
G424R,0.0325855
G424S,0.0222549
G424T,0.0402265
G424V,0.037350699999999994
G424W,0.058303499999999994
G424Y,0.0413694
A425A,
A425C,0.0529748
A425D,0.036591399999999996
A425E,0.0286952
A425F,0.048614300000000006
A425G,0.032492599999999996
A425H,0.037088699999999995
A425I,0.0410793
A425K,0.04225569999999999
A425L,0.027652999999999997
A425M,0.0474521
A425N,0.036104199999999996
A425P,0.0360732
A425Q,0.05422919999999999
A425R,0.030369099999999996
A425S,0.0125886
A425T,0.0424721
A425V,0.029435000000000003
A425W,0.058607900000000004
A425Y,0.0482541
K426A,0.0059862
K426C,0.0273937
K426D,0.00708495
K426E,0.0143065
K426F,0.0241986
K426G,0.00703261
K426H,0.0153642
K426I,0.02721
K426K,
K426L,0.020720099999999998
K426M,0.0357382
K426N,0.0144477
K426P,0.0115636
K426Q,0.02484
K426R,0.0148814
K426S,0.011717299999999998
K426T,0.00469177
K426V,0.00852611
K426W,0.0484167
K426Y,0.039731
F427A,0.028099700000000002
F427C,0.0195013
F427D,0.031026299999999996
F427E,0.022369
F427F,
F427G,-0.010114100000000001
F427H,0.0314749
F427I,0.033083
F427K,0.028036000000000002
F427L,0.0118602
F427M,0.036177999999999995
F427N,0.0193247
F427P,0.035406099999999996
F427Q,0.038218199999999994
F427R,0.0223037
F427S,0.026576599999999995
F427T,0.027222800000000002
F427V,0.017881900000000003
F427W,0.0400422
F427Y,0.024793400000000004
P428A,0.0273272
P428C,0.0522855
P428D,0.0376034
P428E,0.0381201
P428F,0.04669790000000001
P428G,0.0361422
P428H,0.0360022
P428I,0.0354421
P428K,0.0332164
P428L,0.0277067
P428M,0.0490716
P428N,0.0288241
P428P,
P428Q,0.0361289
P428R,0.0251892
P428S,0.00411739
P428T,0.000598152
P428V,0.03961169999999999
P428W,0.0546234
P428Y,0.0592398
I429A,0.0185949
I429C,0.0561672
I429D,0.0472324
I429E,0.037300099999999996
I429F,0.0460166
I429G,0.0428316
I429H,0.0445391
I429I,
I429K,0.038275300000000005
I429L,0.00567218
I429M,0.04681780000000001
I429N,0.050790499999999995
I429P,0.0294375
I429Q,0.051500199999999996
I429R,0.040350300000000006
I429S,0.0334574
I429T,0.0393788
I429V,0.021704400000000002
I429W,0.055162300000000004
I429Y,0.0407165
K430A,0.0213661
K430C,0.032650599999999995
K430D,0.025141
K430E,0.010411799999999999
K430F,0.0423216
K430G,0.016736
K430H,0.0265152
K430I,0.0399681
K430K,
K430L,0.020518099999999997
K430M,0.039763
K430N,0.0297685
K430P,0.012093799999999998
K430Q,0.0329884
K430R,0.00344514
K430S,0.00538378
K430T,0.0262808
K430V,0.028693299999999998
K430W,0.0439532
K430Y,0.0322774
W431A,0.043415800000000004
W431C,0.0379566
W431D,0.04908
W431E,0.0608289
W431F,0.0176829
W431G,0.0374932
W431H,0.0381601
W431I,0.0427117
W431K,0.049418000000000004
W431L,0.0312851
W431M,0.056498
W431N,0.0457336
W431P,0.0514618
W431Q,0.0487671
W431R,0.045129
W431S,0.029909300000000003
W431T,0.04448680000000001
W431V,0.0354515
W431W,
W431Y,-0.00903894
T432A,0.00534107
T432C,0.0231899
T432D,0.029336200000000003
T432E,0.0247879
T432F,0.0322199
T432G,0.0197664
T432H,0.0320151
T432I,0.0181028
T432K,0.027880900000000004
T432L,-0.00400718
T432M,0.0110962
T432N,0.028166200000000002
T432P,0.0347131
T432Q,0.0210474
T432R,0.017308599999999997
T432S,0.00324181
T432T,
T432V,0.012798499999999999
T432W,0.041945800000000005
T432Y,0.0355528
A433A,
A433C,0.061602599999999993
A433D,0.05659680000000001
A433E,0.06521569999999999
A433F,0.07182369999999999
A433G,0.060028099999999994
A433H,0.0735904
A433I,0.059946900000000004
A433K,0.052093499999999994
A433L,0.061597400000000004
A433M,0.0688854
A433N,0.0476926
A433P,0.0140249
A433Q,0.0575925
A433R,0.0674682
A433S,0.027183799999999998
A433T,0.0623193
A433V,0.0621989
A433W,0.0835662
A433Y,0.07551039999999999
P434A,0.081072
P434C,0.09741319999999999
P434D,0.0844926
P434E,0.080272
P434F,0.0921903
P434G,0.08537919999999999
P434H,0.09330169999999999
P434I,0.08167239999999999
P434K,0.076626
P434L,0.0753402
P434M,0.10908599999999999
P434N,0.10182999999999999
P434P,
P434Q,0.09529460000000001
P434R,0.0649875
P434S,0.0740558
P434T,0.0798558
P434V,0.07860249999999999
P434W,0.100771
P434Y,0.096836
E435A,0.0709845
E435C,0.0834939
E435D,0.04755619999999999
E435E,
E435F,0.08635419999999999
E435G,0.0727664
E435H,0.07807539999999999
E435I,0.0763277
E435K,0.058605899999999995
E435L,0.083604
E435M,0.0859742
E435N,0.0600862
E435P,0.0660027
E435Q,0.06336839999999999
E435R,0.0745395
E435S,0.062371300000000005
E435T,0.06958550000000001
E435V,0.075833
E435W,0.0948087
E435Y,0.08249760000000002
A436A,
A436C,0.0478236
A436D,0.043445599999999994
A436E,0.036608499999999995
A436F,0.042321
A436G,0.0487599
A436H,0.0366434
A436I,0.0314933
A436K,0.0449445
A436L,0.023605
A436M,0.05257919999999999
A436N,0.0527896
A436P,0.0565488
A436Q,0.0343716
A436R,0.0418844
A436S,0.0381142
A436T,0.0283822
A436V,0.0163862
A436W,0.0533003
A436Y,0.0321273
A437A,
A437C,0.0226837
A437D,0.0250516
A437E,0.0283267
A437F,-0.00407082
A437G,0.0136374
A437H,0.00854461
A437I,-0.00891935
A437K,0.0199784
A437L,-0.0194633
A437M,0.020841299999999997
A437N,0.0334125
A437P,0.0293286
A437Q,0.0324361
A437R,0.019474099999999998
A437S,0.00663483
A437T,0.010168700000000001
A437V,0.0132799
A437W,0.036095
A437Y,0.011181
L438A,0.0138899
L438C,0.047950900000000005
L438D,0.0417874
L438E,0.024621599999999997
L438F,0.0449142
L438G,0.0389204
L438H,0.0394449
L438I,0.047175
L438K,0.0297147
L438L,
L438M,0.037289499999999996
L438N,0.036021
L438P,0.039749
L438Q,0.042824
L438R,0.015026099999999999
L438S,0.0263179
L438T,0.041973800000000006
L438V,0.029932499999999997
L438W,0.0606034
L438Y,0.0413737
Y439A,0.0115056
Y439C,0.0356895
Y439D,0.0240087
Y439E,0.0127372
Y439F,0.029555500000000002
Y439G,-0.0103228
Y439H,0.023328599999999998
Y439I,0.027199400000000002
Y439K,0.0177134
Y439L,0.014757299999999998
Y439M,0.027340899999999998
Y439N,0.000896529
Y439P,0.012929300000000001
Y439Q,0.0116505
Y439R,0.0106228
Y439S,0.010948200000000002
Y439T,0.00941384
Y439V,0.0321562
Y439W,0.0296366
Y439Y,
G440A,0.0377449
G440C,0.055702800000000004
G440D,0.0406773
G440E,0.0470687
G440F,0.07419060000000001
G440G,
G440H,0.05287000000000001
G440I,0.06843610000000001
G440K,0.037262300000000005
G440L,0.0461885
G440M,0.065054
G440N,0.0504892
G440P,0.058380999999999995
G440Q,0.0458021
G440R,0.0413886
G440S,0.0465971
G440T,0.0518749
G440V,0.048273699999999996
G440W,0.0703558
G440Y,0.051838
R441A,0.0243797
R441C,0.047773800000000005
R441D,0.024272400000000003
R441E,0.00896508
R441F,0.0393621
R441G,0.0211021
R441H,0.032974199999999995
R441I,0.0388192
R441K,0.0274241
R441L,0.028041399999999998
R441M,0.04206819999999999
R441N,0.0332709
R441P,0.0126518
R441Q,0.027926299999999998
R441R,
R441S,0.00947653
R441T,0.0163754
R441V,0.0228444
R441W,0.0552561
R441Y,0.037083099999999994
F442A,0.0251417
F442C,0.045212199999999994
F442D,0.030014599999999995
F442E,0.0339327
F442F,
F442G,0.0367648
F442H,0.0375054
F442I,0.0232435
F442K,0.0400074
F442L,0.012434200000000001
F442M,0.0458711
F442N,0.035561800000000005
F442P,0.022216099999999996
F442Q,0.033257199999999994
F442R,0.027838400000000003
F442S,0.0189382
F442T,0.0414966
F442V,0.0111944
F442W,0.038191699999999995
F442Y,0.0276399
T443A,0.0339016
T443C,0.0537629
T443D,0.029822500000000002
T443E,0.043049199999999996
T443F,0.05542040000000001
T443G,0.00760524
T443H,0.043555500000000004
T443I,0.0316754
T443K,0.0342071
T443L,0.04018
T443M,0.050475599999999995
T443N,0.022372200000000002
T443P,0.0325417
T443Q,0.0382251
T443R,0.0376571
T443S,-0.00640701
T443T,
T443V,0.0422335
T443W,0.06261119999999999
T443Y,0.0507279
I444A,0.0172583
I444C,0.032130599999999995
I444D,0.0303149
I444E,0.0137306
I444F,0.0222972
I444G,0.0376952
I444H,0.027858499999999998
I444I,
I444K,0.021215099999999997
I444L,0.022284900000000003
I444M,0.0400676
I444N,0.026055400000000003
I444P,0.0016481999999999998
I444Q,0.023059700000000002
I444R,0.00496489
I444S,0.00908646
I444T,0.0197605
I444V,0.027105599999999997
I444W,0.0454598
I444Y,0.0273182
K445A,0.00908053
K445C,0.0550611
K445D,0.047535900000000006
K445E,0.0217104
K445F,0.0410634
K445G,0.039499099999999995
K445H,0.03450809999999999
K445I,0.056354800000000004
K445K,
K445L,0.0422586
K445M,0.0551856
K445N,0.0464712
K445P,0.0318583
K445Q,0.0341835
K445R,0.020612000000000002
K445S,0.0125682
K445T,0.03923630000000001
K445V,0.0398605
K445W,0.0523961
K445Y,0.0488476
S446A,0.024500099999999997
S446C,0.0522163
S446D,0.0481619
S446E,0.0453444
S446F,0.0585769
S446G,0.026393299999999998
S446H,0.0644748
S446I,0.0473074
S446K,0.055463099999999994
S446L,0.0525513
S446M,0.0630177
S446N,0.0648875
S446P,0.0480924
S446Q,0.052523099999999996
S446R,0.05862390000000001
S446S,
S446T,0.0346085
S446V,0.0371728
S446W,0.0645709
S446Y,0.0559611
D447A,0.0755704
D447C,0.103111
D447D,
D447E,0.0657789
D447F,0.105716
D447G,0.0808895
D447H,0.0960535
D447I,0.09818919999999999
D447K,0.0904303
D447L,0.0973657
D447M,0.09232380000000001
D447N,0.05615880000000001
D447P,0.08974739999999999
D447Q,0.08096410000000001
D447R,0.10019700000000001
D447S,0.0771374
D447T,0.0869242
D447V,0.0954069
D447W,0.10814800000000001
D447Y,0.101506
V448A,0.0570316
V448C,0.061940999999999996
V448D,0.0779486
V448E,0.08699660000000001
V448F,0.0692762
V448G,0.0746492
V448H,0.0901645
V448I,0.0378081
V448K,0.070714
V448L,0.0413312
V448M,0.0581924
V448N,0.07668380000000001
V448P,0.0718964
V448Q,0.06120740000000001
V448R,0.0751097
V448S,0.0589529
V448T,0.06165930000000001
V448V,
V448W,0.0658438
V448Y,0.06724839999999999
W449A,0.0543475
W449C,0.0703546
W449D,0.058659
W449E,0.0360793
W449F,0.024662700000000003
W449G,0.0623841
W449H,0.04838819999999999
W449I,0.045428699999999995
W449K,0.0565322
W449L,0.0379372
W449M,0.07092310000000002
W449N,0.0657998
W449P,0.06422130000000001
W449Q,0.058404700000000004
W449R,0.05260650000000001
W449S,0.0576317
W449T,0.0638079
W449V,0.056908400000000005
W449W,
W449Y,0.000982226
S450A,0.022363499999999998
S450C,0.0634904
S450D,0.053271000000000006
S450E,0.0527465
S450F,0.0732095
S450G,0.038380000000000004
S450H,0.0657487
S450I,0.0585489
S450K,0.06338830000000001
S450L,0.053449
S450M,0.0569116
S450N,0.060957000000000004
S450P,0.0635609
S450Q,0.049685
S450R,0.061903999999999994
S450S,
S450T,0.0549193
S450V,0.0540969
S450W,0.0835448
S450Y,0.07222869999999999
F451A,0.035654000000000005
F451C,0.04768680000000001
F451D,0.061230099999999996
F451E,0.0588953
F451F,
F451G,0.0590979
F451H,0.06682880000000001
F451I,0.024820099999999998
F451K,0.0632841
F451L,-0.020947900000000002
F451M,0.0390622
F451N,0.055957400000000004
F451P,0.059839800000000005
F451Q,0.06347989999999999
F451R,0.0471004
F451S,0.052966099999999995
F451T,0.0446094
F451V,0.0230143
F451W,0.039616399999999996
F451Y,0.039627499999999996
G452A,0.0483452
G452C,0.09069580000000001
G452D,0.100393
G452E,0.100481
G452F,0.0807972
G452G,
G452H,0.101841
G452I,0.0983809
G452K,0.09786339999999999
G452L,0.0927352
G452M,0.10448699999999998
G452N,0.0953721
G452P,0.098886
G452Q,0.10369300000000001
G452R,0.08956610000000001
G452S,0.07165980000000001
G452T,0.08681160000000002
G452V,0.101247
G452W,0.110242
G452Y,0.108299
I453A,0.0256056
I453C,0.014230000000000001
I453D,0.0568639
I453E,0.0374323
I453F,0.045224900000000005
I453G,0.0441194
I453H,0.049755400000000005
I453I,
I453K,0.0515621
I453L,0.023613
I453M,0.0246078
I453N,0.0442342
I453P,0.0590389
I453Q,0.0619395
I453R,0.047666599999999996
I453S,0.0386356
I453T,0.0325192
I453V,0.00360879
I453W,0.0550302
I453Y,0.0336727
L454A,0.0431609
L454C,0.0445164
L454D,0.0593259
L454E,0.0588105
L454F,0.0426433
L454G,0.0583966
L454H,0.072399
L454I,0.024575599999999996
L454K,0.0634655
L454L,
L454M,0.038572
L454N,0.0458044
L454P,0.0659698
L454Q,0.06956389999999998
L454R,0.0570476
L454S,0.0514134
L454T,0.026186400000000002
L454V,0.00976706
L454W,0.0716058
L454Y,0.055935000000000006
L455A,0.0403531
L455C,0.0683961
L455D,0.078047
L455E,0.0833159
L455F,0.053024800000000004
L455G,0.07568889999999999
L455H,0.0889459
L455I,0.0400444
L455K,0.08329199999999999
L455L,
L455M,0.047815300000000005
L455N,0.093048
L455P,0.079514
L455Q,0.08106050000000001
L455R,0.08842760000000001
L455S,0.0707587
L455T,0.0629678
L455V,0.0523675
L455W,0.0729385
L455Y,0.0730605
T456A,0.00269871
T456C,0.0211589
T456D,0.0335469
T456E,0.032568
T456F,-0.0056405
T456G,0.026501099999999996
T456H,0.0201271
T456I,0.0106592
T456K,0.0333979
T456L,-0.00995502
T456M,0.019727099999999997
T456N,0.0333173
T456P,0.040212300000000006
T456Q,0.0284124
T456R,0.0238806
T456S,0.0180723
T456T,
T456V,0.00523514
T456W,-0.000493256
T456Y,-0.00191325
E457A,0.0526222
E457C,0.062365300000000005
E457D,0.044876
E457E,
E457F,0.0585549
E457G,0.0653671
E457H,0.05737659999999999
E457I,0.0614317
E457K,0.0597827
E457L,0.0590462
E457M,0.07294989999999998
E457N,0.0769642
E457P,0.07121469999999999
E457Q,0.053180899999999996
E457R,0.05369550000000001
E457S,0.053007000000000006
E457T,0.062154999999999995
E457V,0.0690562
E457W,0.0722806
E457Y,0.0615797
L458A,0.053267999999999996
L458C,0.056332600000000004
L458D,0.0787284
L458E,0.076056
L458F,0.0506062
L458G,0.07382799999999999
L458H,0.0751363
L458I,0.0339296
L458K,0.07340039999999999
L458L,
L458M,0.053509900000000006
L458N,0.0792613
L458P,0.0796275
L458Q,0.07918560000000001
L458R,0.06449790000000001
L458S,0.061894399999999995
L458T,0.0646688
L458V,0.0376964
L458W,0.07015089999999999
L458Y,0.0795971
T459A,-0.00727488
T459C,0.00643749
T459D,0.0252767
T459E,0.0217681
T459F,0.00501896
T459G,0.0204461
T459H,0.023511599999999997
T459I,-0.016630799999999998
T459K,0.028335500000000003
T459L,-0.0336801
T459M,-0.00207218
T459N,0.0183162
T459P,0.029012299999999998
T459Q,0.0293327
T459R,0.0155153
T459S,0.0162092
T459T,
T459V,-0.00309176
T459W,0.012221700000000002
T459Y,0.0134969
T460A,0.0167268
T460C,0.043583300000000005
T460D,0.0471853
T460E,0.0493883
T460F,0.042737199999999996
T460G,0.0360261
T460H,0.049293199999999995
T460I,0.048073000000000005
T460K,0.0497117
T460L,0.0267743
T460M,0.0395133
T460N,0.031222399999999997
T460P,0.0557755
T460Q,0.04133169999999999
T460R,0.03703119999999999
T460S,0.0287969
T460T,
T460V,0.037694599999999995
T460W,0.068953
T460Y,0.0476824
K461A,0.0164855
K461C,0.016308
K461D,0.0128934
K461E,0.0096479
K461F,0.0337301
K461G,-0.0214811
K461H,0.0212864
K461I,0.030794299999999997
K461K,
K461L,0.0119494
K461M,0.026260000000000002
K461N,0.0127994
K461P,0.024910400000000003
K461Q,0.022965700000000002
K461R,7.70418e-05
K461S,0.0178391
K461T,0.015001400000000002
K461V,0.027704000000000003
K461W,0.0327524
K461Y,0.0273077
G462A,0.0722032
G462C,0.09428550000000001
G462D,0.07831060000000001
G462E,0.06954400000000001
G462F,0.08858869999999999
G462G,
G462H,0.09135239999999999
G462I,0.0867866
G462K,0.07330539999999999
G462L,0.08241119999999999
G462M,0.0932806
G462N,0.0787827
G462P,0.08898769999999999
G462Q,0.0756248
G462R,0.0686311
G462S,0.0720356
G462T,0.09766160000000002
G462V,0.0835765
G462W,0.0976437
G462Y,0.08947680000000001
R463A,0.048744300000000004
R463C,0.0534552
R463D,0.0436026
R463E,0.0335907
R463F,0.0594928
R463G,0.0495415
R463H,0.0437577
R463I,0.0497397
R463K,0.029874500000000002
R463L,0.04706780000000001
R463M,0.059147000000000005
R463N,0.0397584
R463P,0.0418264
R463Q,0.044135400000000005
R463R,
R463S,0.029935000000000003
R463T,0.0344893
R463V,0.0484901
R463W,0.0625688
R463Y,0.054607100000000006
V464A,0.00257803
V464C,0.0368734
V464D,0.0227881
V464E,0.0148393
V464F,0.026418200000000003
V464G,0.0397871
V464H,0.0173102
V464I,0.0118228
V464K,0.020380900000000004
V464L,-0.010782600000000002
V464M,0.0283524
V464N,0.024263099999999996
V464P,0.00320362
V464Q,0.033797900000000006
V464R,0.015122
V464S,0.00946681
V464T,0.0268035
V464V,
V464W,0.0316392
V464Y,0.025069
P465A,0.07922910000000001
P465C,0.098152
P465D,0.0887935
P465E,0.0817596
P465F,0.0781805
P465G,0.0834492
P465H,0.0903116
P465I,0.08962239999999999
P465K,0.08958189999999999
P465L,0.08627660000000001
P465M,0.104072
P465N,0.09032319999999999
P465P,
P465Q,0.0872022
P465R,0.0821987
P465S,0.0771832
P465T,0.0748397
P465V,0.085889
P465W,0.101708
P465Y,0.0969559
Y466A,0.0395954
Y466C,0.0417548
Y466D,0.0297698
Y466E,0.033783999999999995
Y466F,-0.00306068
Y466G,0.0290721
Y466H,0.0353555
Y466I,0.030514499999999996
Y466K,0.037378800000000004
Y466L,0.0137618
Y466M,0.03766969999999999
Y466N,0.031174200000000003
Y466P,0.0396793
Y466Q,0.036549
Y466R,0.0341959
Y466S,0.0251864
Y466T,0.0360554
Y466V,0.0258025
Y466W,0.00551203
Y466Y,
P467A,0.0188693
P467C,0.0444455
P467D,0.0112525
P467E,0.0276769
P467F,0.0280743
P467G,0.0322935
P467H,0.0379991
P467I,0.0448325
P467K,0.012908700000000002
P467L,0.022131
P467M,0.0440339
P467N,0.026072199999999997
P467P,
P467Q,0.025241299999999998
P467R,0.0170463
P467S,0.011029299999999999
P467T,0.028553199999999997
P467V,0.021494299999999997
P467W,0.045374
P467Y,0.0389735
G468A,0.0413776
G468C,0.064823
G468D,0.035506800000000005
G468E,0.042025400000000004
G468F,0.0578052
G468G,
G468H,0.056351
G468I,0.056414
G468K,0.0444462
G468L,0.0555623
G468M,0.06562219999999999
G468N,0.0462902
G468P,0.050334199999999996
G468Q,0.0607153
G468R,0.0589933
G468S,0.0413185
G468T,0.044024400000000005
G468V,0.045041399999999995
G468W,0.0729669
G468Y,0.06197999999999999
M469A,0.00555992
M469C,0.025233000000000002
M469D,0.0291779
M469E,0.010489100000000001
M469F,0.020481799999999998
M469G,0.031972
M469H,0.0328421
M469I,0.00252891
M469K,0.015634799999999997
M469L,6.70263e-05
M469M,
M469N,0.029207499999999997
M469P,0.0262065
M469Q,0.0189578
M469R,0.0180584
M469S,0.00352091
M469T,0.00937057
M469V,0.0149026
M469W,0.0290116
M469Y,0.031028500000000004
V470A,0.0230197
V470C,0.036386699999999994
V470D,0.0275435
V470E,0.007595
V470F,0.030294099999999997
V470G,0.027695599999999997
V470H,0.025394999999999997
V470I,0.0169462
V470K,0.0185044
V470L,0.0094284
V470M,0.0398299
V470N,0.0207718
V470P,0.0123397
V470Q,0.0219125
V470R,0.024531
V470S,0.0149888
V470T,0.012772499999999999
V470V,
V470W,0.044506199999999996
V470Y,0.0224695
N471A,0.028549400000000003
N471C,0.0569741
N471D,0.017372400000000003
N471E,0.0304918
N471F,0.0635144
N471G,0.044087
N471H,0.051935
N471I,0.048622000000000005
N471K,0.04265580000000001
N471L,0.0402533
N471M,0.06551219999999999
N471N,
N471P,0.044422
N471Q,0.0420491
N471R,0.036213800000000004
N471S,0.029302699999999997
N471T,0.0419681
N471V,0.0545876
N471W,0.061773699999999994
N471Y,0.055907500000000006
R472A,0.0274117
R472C,0.0542164
R472D,0.012927100000000002
R472E,0.017775299999999997
R472F,0.0371511
R472G,0.023803099999999997
R472H,0.0498824
R472I,0.0425653
R472K,0.0113007
R472L,0.026254800000000002
R472M,0.0458636
R472N,0.034972199999999995
R472P,0.0240405
R472Q,0.0385456
R472R,
R472S,0.019086099999999998
R472T,0.030622900000000005
R472V,0.0391528
R472W,0.0433554
R472Y,0.0478788
E473A,0.028744
E473C,0.0677522
E473D,0.0328686
E473E,
E473F,0.0645413
E473G,0.0494861
E473H,0.059168200000000004
E473I,0.0549
E473K,0.0300572
E473L,0.0536029
E473M,0.060061699999999996
E473N,0.0421326
E473P,0.042988900000000003
E473Q,0.0519504
E473R,0.0413096
E473S,0.040102
E473T,0.0442023
E473V,0.0497184
E473W,0.0690273
E473Y,0.0681602
V474A,0.0268303
V474C,0.0382673
V474D,0.0146398
V474E,0.023775599999999997
V474F,0.010040700000000001
V474G,0.017841
V474H,0.0341642
V474I,0.00528192
V474K,0.020343700000000003
V474L,-0.00198382
V474M,0.0248132
V474N,0.0309522
V474P,0.027547700000000005
V474Q,0.0225703
V474R,0.025034599999999997
V474S,0.00979408
V474T,0.018775999999999998
V474V,
V474W,0.0371149
V474Y,0.023154400000000002
L475A,0.032625
L475C,0.060364999999999995
L475D,0.059933400000000005
L475E,0.055382299999999995
L475F,0.0431871
L475G,0.0551716
L475H,0.0578732
L475I,0.025604000000000002
L475K,0.051850400000000005
L475L,
L475M,0.0523365
L475N,0.0644113
L475P,0.0563064
L475Q,0.05911280000000001
L475R,0.054465
L475S,0.0450099
L475T,0.0508227
L475V,0.04592569999999999
L475W,0.0600111
L475Y,0.0444519
D476A,0.0258906
D476C,0.051859300000000004
D476D,
D476E,0.026548500000000003
D476F,0.0429285
D476G,0.0276183
D476H,0.0478045
D476I,0.048979
D476K,0.024079800000000002
D476L,0.039092699999999994
D476M,0.0492931
D476N,0.0341256
D476P,0.036040699999999995
D476Q,0.030048900000000003
D476R,0.0234187
D476S,0.0299671
D476T,0.0447814
D476V,0.0371198
D476W,0.0555794
D476Y,0.0480422
Q477A,0.027726099999999997
Q477C,0.0480659
Q477D,0.0229616
Q477E,0.021999200000000003
Q477F,0.041250699999999994
Q477G,0.0468522
Q477H,0.041585000000000004
Q477I,0.031329
Q477K,0.0276829
Q477L,0.0273673
Q477M,0.045852300000000006
Q477N,0.036011699999999994
Q477P,0.047559
Q477Q,
Q477R,0.0291175
Q477S,0.017373
Q477T,0.040259699999999995
Q477V,0.0419325
Q477W,0.0465427
Q477Y,0.0435474
V478A,0.030342599999999997
V478C,0.058798800000000005
V478D,0.046081699999999996
V478E,0.0404082
V478F,0.0479643
V478G,0.051339800000000005
V478H,0.048992400000000005
V478I,0.00561263
V478K,0.0326059
V478L,0.0195486
V478M,0.044615300000000004
V478N,0.0498178
V478P,0.046552300000000005
V478Q,0.0397031
V478R,0.0364445
V478S,0.0233894
V478T,0.0306561
V478V,
V478W,0.05561990000000001
V478Y,0.042742
E479A,0.020061900000000004
E479C,0.0425704
E479D,0.017454900000000002
E479E,
E479F,0.0381076
E479G,0.010076
E479H,0.0362421
E479I,0.023123599999999998
E479K,0.00998634
E479L,0.014312799999999999
E479M,0.0464188
E479N,0.030905000000000002
E479P,0.0323363
E479Q,0.0371461
E479R,0.00855445
E479S,0.025496400000000002
E479T,0.0291168
E479V,0.020950299999999998
E479W,0.041027999999999995
E479Y,0.0379293
R480A,0.0263469
R480C,0.053066699999999994
R480D,0.0225041
R480E,0.0179433
R480F,0.048440699999999996
R480G,0.0311238
R480H,0.0476375
R480I,0.050517900000000004
R480K,0.0123413
R480L,0.031973900000000006
R480M,0.0453316
R480N,0.030002299999999996
R480P,0.0355189
R480Q,0.0277578
R480R,
R480S,0.023993200000000003
R480T,0.0315765
R480V,0.0337968
R480W,0.06462899999999999
R480Y,0.0505577
G481A,0.0410939
G481C,0.06585210000000001
G481D,0.046196499999999995
G481E,0.048508300000000004
G481F,0.05872669999999999
G481G,
G481H,0.0590825
G481I,0.0511765
G481K,0.0425683
G481L,0.04738080000000001
G481M,0.0727957
G481N,0.0376565
G481P,0.047018
G481Q,0.04878590000000001
G481R,0.043461099999999996
G481S,0.0129756
G481T,0.051257000000000004
G481V,0.06039540000000001
G481W,0.0709328
G481Y,0.066491
Y482A,0.035663
Y482C,0.0578472
Y482D,0.0442723
Y482E,0.046712699999999996
Y482F,0.034043300000000006
Y482G,0.0408927
Y482H,0.0506482
Y482I,0.041735
Y482K,0.0364772
Y482L,0.0206603
Y482M,0.0476605
Y482N,0.0418366
Y482P,0.0436276
Y482Q,0.047660900000000006
Y482R,0.033298699999999994
Y482S,0.0281862
Y482T,0.0446219
Y482V,0.037505300000000005
Y482W,0.0458135
Y482Y,
R483A,0.0377852
R483C,0.0698927
R483D,0.029987299999999998
R483E,0.038160400000000004
R483F,0.0616529
R483G,0.0349241
R483H,0.0518894
R483I,0.0504236
R483K,0.041019099999999996
R483L,0.0303866
R483M,0.060360300000000006
R483N,0.0475366
R483P,0.0466645
R483Q,0.0461821
R483R,
R483S,0.038418400000000005
R483T,0.0442718
R483V,0.044867000000000004
R483W,0.0648241
R483Y,0.0573361
M484A,0.0129317
M484C,0.023744900000000003
M484D,0.0265528
M484E,0.018831099999999996
M484F,0.0274594
M484G,0.0208629
M484H,0.023918400000000003
M484I,0.00928433
M484K,0.013291999999999998
M484L,-0.00833585
M484M,
M484N,0.018997099999999996
M484P,-0.00250526
M484Q,0.0298968
M484R,0.015836600000000003
M484S,0.0126884
M484T,0.0177218
M484V,0.0176723
M484W,0.0357026
M484Y,0.025385400000000002
P485A,0.03983780000000001
P485C,0.082889
P485D,0.042586900000000004
P485E,0.038330199999999995
P485F,0.0635554
P485G,0.0623893
P485H,0.0585925
P485I,0.0615893
P485K,0.0603567
P485L,0.0449621
P485M,0.0714852
P485N,0.0493486
P485P,
P485Q,0.053315699999999994
P485R,0.0576461
P485S,0.037363099999999996
P485T,0.0392676
P485V,0.0560038
P485W,0.0880328
P485Y,0.0653988
C486A,0.0169808
C486C,
C486D,0.0215876
C486E,0.0367328
C486F,0.023026400000000002
C486G,0.0287132
C486H,0.038493400000000004
C486I,0.0159461
C486K,0.027477699999999997
C486L,0.00442636
C486M,0.032367
C486N,0.0323169
C486P,0.0235985
C486Q,0.026117500000000002
C486R,0.025910900000000004
C486S,0.021894999999999998
C486T,0.0191725
C486V,0.0248892
C486W,0.0382577
C486Y,0.035242
P487A,0.0469773
P487C,0.0780832
P487D,0.049220099999999996
P487E,0.0424526
P487F,0.06393480000000001
P487G,0.0550246
P487H,0.0654033
P487I,0.0560673
P487K,0.04888819999999999
P487L,0.0441604
P487M,0.072129
P487N,0.052822100000000004
P487P,
P487Q,0.0602086
P487R,0.04504419999999999
P487S,0.0486401
P487T,0.0472575
P487V,0.05304980000000001
P487W,0.0745535
P487Y,0.06762739999999999
P488A,0.034653699999999996
P488C,0.054799
P488D,0.0341419
P488E,0.0334114
P488F,0.055132299999999995
P488G,0.0370159
P488H,0.051001099999999994
P488I,0.0472152
P488K,0.0277006
P488L,0.0326524
P488M,0.0519735
P488N,0.0443132
P488P,
P488Q,0.048974000000000004
P488R,0.0496079
P488S,0.026119
P488T,0.03954559999999999
P488V,0.0483743
P488W,0.07167539999999999
P488Y,0.059152300000000005
E489A,0.017454
E489C,0.052151699999999995
E489D,0.012502
E489E,
E489F,0.0322988
E489G,0.00645925
E489H,0.0339495
E489I,0.024801
E489K,0.013719799999999997
E489L,0.012914199999999999
E489M,0.036859300000000005
E489N,0.0212017
E489P,0.0226916
E489Q,0.027855099999999997
E489R,0.0144099
E489S,0.00457331
E489T,0.0179928
E489V,0.019434299999999998
E489W,0.0359458
E489Y,0.025365099999999998
C490A,0.034186
C490C,
C490D,0.049181199999999994
C490E,0.0472506
C490F,0.0377156
C490G,0.044251900000000004
C490H,0.0601533
C490I,0.0330888
C490K,0.04699369999999999
C490L,0.0344652
C490M,0.043100400000000004
C490N,0.043675
C490P,0.0527251
C490Q,0.055834400000000006
C490R,0.05216900000000001
C490S,0.0419783
C490T,0.0365246
C490V,0.0310131
C490W,0.06569839999999999
C490Y,0.0315471
P491A,0.06390950000000001
P491C,0.0868939
P491D,0.056202300000000004
P491E,0.0572582
P491F,0.0708011
P491G,0.0582423
P491H,0.0569235
P491I,0.07107580000000001
P491K,0.0608225
P491L,0.0560736
P491M,0.0822688
P491N,0.0733318
P491P,
P491Q,0.059789699999999994
P491R,0.067365
P491S,0.0414591
P491T,0.0614518
P491V,0.0766544
P491W,0.0853301
P491Y,0.0762575
E492A,0.0358709
E492C,0.0729636
E492D,0.0312128
E492E,
E492F,0.0587981
E492G,0.0469272
E492H,0.0593794
E492I,0.0520895
E492K,0.0329724
E492L,0.043974400000000004
E492M,0.0597014
E492N,0.04222940000000001
E492P,0.024641800000000002
E492Q,0.040610900000000005
E492R,0.037661099999999996
E492S,0.0433485
E492T,0.0442648
E492V,0.056714
E492W,0.07385739999999999
E492Y,0.0646576
S493A,0.037004
S493C,0.0618288
S493D,0.036403899999999996
S493E,0.0167774
S493F,0.0371532
S493G,0.0355154
S493H,0.0549322
S493I,0.047036800000000004
S493K,0.0448847
S493L,0.03756
S493M,0.060770500000000005
S493N,0.0432612
S493P,0.05156709999999999
S493Q,0.0375254
S493R,0.0424416
S493S,
S493T,0.0467759
S493V,0.0376399
S493W,0.0531846
S493Y,0.0569356
L494A,0.0510358
L494C,0.0740893
L494D,0.0676502
L494E,0.0737237
L494F,0.03671169999999999
L494G,0.0640338
L494H,0.0801906
L494I,0.031026400000000003
L494K,0.0706958
L494L,
L494M,0.0487888
L494N,0.0772376
L494P,0.0654825
L494Q,0.0678134
L494R,0.0619502
L494S,0.060627
L494T,0.07295789999999999
L494V,0.032767700000000004
L494W,0.056356100000000006
L494Y,0.0530659
H495A,0.00110862
H495C,0.018891599999999998
H495D,0.0126793
H495E,0.0149709
H495F,0.018506
H495G,0.000378476
H495H,
H495I,0.00701483
H495K,-0.00830433
H495L,-0.00187378
H495M,0.0274748
H495N,0.0118306
H495P,0.027357799999999998
H495Q,-0.00275784
H495R,-0.00388912
H495S,0.00738079
H495T,0.0140106
H495V,-0.00167889
H495W,0.0160684
H495Y,0.00873638
D496A,0.032104099999999997
D496C,0.055691
D496D,
D496E,0.00316972
D496F,0.054908000000000005
D496G,0.026478700000000004
D496H,0.0325892
D496I,0.0459315
D496K,0.029063
D496L,0.0377077
D496M,0.0530957
D496N,0.027457099999999998
D496P,0.0346815
D496Q,0.031113099999999998
D496R,0.0380168
D496S,0.036035199999999996
D496T,0.0325776
D496V,0.0479034
D496W,0.059239
D496Y,0.050614599999999996
L497A,0.0617942
L497C,0.0853732
L497D,0.08615880000000001
L497E,0.08230139999999998
L497F,0.053633400000000005
L497G,0.0800828
L497H,0.0868783
L497I,0.0272348
L497K,0.0782673
L497L,
L497M,0.0607072
L497N,0.0855184
L497P,0.08494199999999999
L497Q,0.0848367
L497R,0.07934160000000001
L497S,0.0881008
L497T,0.0689521
L497V,0.046995
L497W,0.0850277
L497Y,0.0712745
M498A,0.00819655
M498C,0.0282647
M498D,0.045432
M498E,0.0353153
M498F,0.014280600000000001
M498G,0.0361081
M498H,0.0438886
M498I,-0.010649700000000002
M498K,0.0299803
M498L,-0.0226185
M498M,
M498N,0.0455977
M498P,0.029207499999999997
M498Q,0.036449
M498R,0.0379395
M498S,0.0182794
M498T,0.0320701
M498V,0.00106909
M498W,0.0480082
M498Y,0.030290499999999998
C499A,-0.00611848
C499C,
C499D,-0.00338995
C499E,-0.0159978
C499F,0.00837968
C499G,0.0113844
C499H,0.013534799999999998
C499I,0.00603636
C499K,-0.016467700000000002
C499L,-0.00673816
C499M,0.0158865
C499N,-0.00148877
C499P,0.0124694
C499Q,-0.0110166
C499R,-0.00420896
C499S,-0.00523259
C499T,-0.00204639
C499V,0.0124381
C499W,0.0266565
C499Y,0.00062338
Q500A,0.0024676
Q500C,0.026854700000000002
Q500D,0.0127102
Q500E,0.0128106
Q500F,0.0262897
Q500G,0.00597051
Q500H,0.0128018
Q500I,0.023818400000000003
Q500K,-0.013433700000000002
Q500L,0.00750852
Q500M,0.022866
Q500N,0.00735271
Q500P,0.0296832
Q500Q,
Q500R,-0.00184994
Q500S,0.000746567
Q500T,0.019196400000000002
Q500V,0.014599700000000002
Q500W,0.0229532
Q500Y,0.00654294
C501A,0.0462744
C501C,
C501D,0.0846674
C501E,0.0841331
C501F,0.07190389999999999
C501G,0.0702681
C501H,0.0894966
C501I,0.0647295
C501K,0.08498439999999999
C501L,0.042626199999999996
C501M,0.0504758
C501N,0.08428680000000001
C501P,0.0959828
C501Q,0.081595
C501R,0.08705260000000001
C501S,0.0673299
C501T,0.05927819999999999
C501V,0.057374699999999994
C501W,0.08550310000000001
C501Y,0.0812505
W502A,0.0352453
W502C,0.0348281
W502D,0.037445400000000004
W502E,0.0405249
W502F,0.016884
W502G,0.0482211
W502H,0.03964790000000001
W502I,0.0214827
W502K,0.0341346
W502L,-0.0381087
W502M,0.0261955
W502N,0.0444328
W502P,0.0343048
W502Q,0.0361772
W502R,0.023327900000000002
W502S,0.038038499999999996
W502T,0.0145733
W502V,0.0203678
W502W,
W502Y,0.037205699999999994
R503A,0.0221915
R503C,0.0298494
R503D,0.0215094
R503E,0.026607
R503F,0.0435176
R503G,0.027627199999999998
R503H,0.023284
R503I,0.038525800000000006
R503K,0.0124169
R503L,0.036516599999999996
R503M,0.05071269999999999
R503N,0.023153200000000002
R503P,0.052287900000000005
R503Q,0.0115679
R503R,
R503S,0.0169516
R503T,0.0242081
R503V,0.026362299999999998
R503W,0.054114199999999994
R503Y,0.0472594
K504A,0.0090815
K504C,0.033840300000000004
K504D,0.0159475
K504E,0.00554062
K504F,0.0126569
K504G,0.0143088
K504H,0.0255462
K504I,0.0118292
K504K,
K504L,0.00151047
K504M,0.0233261
K504N,0.0191133
K504P,0.00599258
K504Q,0.015115
K504R,-0.00173887
K504S,0.0210546
K504T,0.0181788
K504V,0.015586299999999999
K504W,0.0316283
K504Y,0.013593700000000002
E505A,0.030782999999999998
E505C,0.0454395
E505D,-0.0241831
E505E,
E505F,0.0489835
E505G,0.034606
E505H,0.0376711
E505I,0.041278800000000004
E505K,0.015017500000000001
E505L,0.0388706
E505M,0.044814
E505N,-0.000293103
E505P,0.045355900000000005
E505Q,0.0322051
E505R,0.019645
E505S,0.0170637
E505T,0.0323713
E505V,0.032069799999999996
E505W,0.05990830000000001
E505Y,0.0383269
P506A,0.0591267
P506C,0.0869277
P506D,0.08441219999999999
P506E,0.0581437
P506F,0.0719933
P506G,0.0785675
P506H,0.08228919999999999
P506I,0.07837469999999999
P506K,0.0682014
P506L,0.0618747
P506M,0.0810098
P506N,0.08687410000000001
P506P,
P506Q,0.07497580000000001
P506R,0.0609427
P506S,0.065635
P506T,0.0605396
P506V,0.0592635
P506W,0.0835348
P506Y,0.06657389999999999
E507A,0.027877999999999997
E507C,0.045560500000000004
E507D,0.0273165
E507E,
E507F,0.0447105
E507G,0.047011000000000004
E507H,0.048072699999999996
E507I,0.05051219999999999
E507K,0.030784199999999998
E507L,0.03648680000000001
E507M,0.0643075
E507N,0.0348037
E507P,0.0442824
E507Q,0.029715300000000004
E507R,0.0297252
E507S,0.024493400000000002
E507T,0.046083
E507V,0.043669400000000004
E507W,0.0578614
E507Y,0.057920000000000006
E508A,0.0241284
E508C,0.0575946
E508D,0.0261994
E508E,
E508F,0.0517385
E508G,0.0515295
E508H,0.048349300000000005
E508I,0.0576279
E508K,0.0277985
E508L,0.040960699999999996
E508M,0.052267499999999995
E508N,0.035635
E508P,0.058603800000000004
E508Q,0.0247494
E508R,0.040309
E508S,0.024443799999999998
E508T,0.044459399999999996
E508V,0.051054699999999995
E508W,0.0754898
E508Y,0.0565711
R509A,0.108101
R509C,0.10826199999999998
R509D,0.09965139999999999
R509E,0.10139
R509F,0.10823499999999998
R509G,0.102167
R509H,0.09879489999999999
R509I,0.108707
R509K,0.08922569999999999
R509L,0.0994028
R509M,0.10525999999999999
R509N,0.10781199999999999
R509P,0.100496
R509Q,0.0988597
R509R,
R509S,0.09783510000000001
R509T,0.101107
R509V,0.100327
R509W,0.11703699999999999
R509Y,0.105797
P510A,0.08781760000000001
P510C,0.10013999999999999
P510D,0.0966137
P510E,0.0940388
P510F,0.0962543
P510G,0.09483899999999999
P510H,0.09854919999999999
P510I,0.07708989999999999
P510K,0.08908669999999999
P510L,0.0858455
P510M,0.0939427
P510N,0.10684
P510P,
P510Q,0.0908435
P510R,0.10205299999999999
P510S,0.09019210000000001
P510T,0.0946127
P510V,0.094461
P510W,0.09212680000000001
P510Y,0.0918463
T511A,0.0381347
T511C,0.0587104
T511D,0.0216012
T511E,0.038187599999999995
T511F,0.053781899999999994
T511G,0.039111099999999996
T511H,0.0552595
T511I,0.056212599999999995
T511K,0.0434464
T511L,0.048356699999999996
T511M,0.0632254
T511N,0.029612799999999998
T511P,0.0449045
T511Q,0.038499900000000004
T511R,0.03729980000000001
T511S,0.00509233
T511T,
T511V,0.042118
T511W,0.0713877
T511Y,0.05625650000000001
F512A,0.0137732
F512C,0.052439099999999995
F512D,0.0661713
F512E,0.0549873
F512F,
F512G,0.0453693
F512H,0.052235699999999996
F512I,0.0214173
F512K,0.0559661
F512L,0.017011599999999998
F512M,0.028513599999999997
F512N,0.0604994
F512P,0.0381556
F512Q,0.05649019999999999
F512R,0.060180399999999995
F512S,0.0404661
F512T,0.0436544
F512V,0.038569099999999995
F512W,0.058767200000000006
F512Y,0.022956400000000002
E513A,0.0168357
E513C,0.0558374
E513D,0.0227663
E513E,
E513F,0.05346
E513G,0.034772199999999996
E513H,0.0444476
E513I,0.046585699999999994
E513K,0.0323913
E513L,0.0282829
E513M,0.054573300000000005
E513N,0.015958299999999998
E513P,0.0336936
E513Q,0.0277709
E513R,0.0350263
E513S,0.0261257
E513T,0.0388545
E513V,0.0400788
E513W,0.0615799
E513Y,0.052031299999999996
Y514A,0.00440099
Y514C,0.026859699999999997
Y514D,0.00454202
Y514E,-0.0189618
Y514F,0.021131999999999998
Y514G,0.0224588
Y514H,0.0202661
Y514I,0.030689599999999997
Y514K,-0.000491705
Y514L,0.0167866
Y514M,0.0145078
Y514N,0.013933000000000001
Y514P,0.027248900000000003
Y514Q,0.00141209
Y514R,0.026530500000000002
Y514S,0.000160049
Y514T,0.00426107
Y514V,0.017725900000000003
Y514W,0.0333995
Y514Y,
L515A,0.065606
L515C,0.0726081
L515D,0.09018380000000001
L515E,0.09412630000000001
L515F,0.07003469999999999
L515G,0.0823411
L515H,0.09968760000000002
L515I,0.0447435
L515K,0.09968760000000002
L515L,
L515M,0.07342860000000001
L515N,0.08695189999999998
L515P,0.085939
L515Q,0.0879926
L515R,0.0943591
L515S,0.0942516
L515T,0.0807285
L515V,0.033743199999999994
L515W,0.07962739999999999
L515Y,0.08581330000000001
Q516A,0.016738999999999997
Q516C,0.039131400000000004
Q516D,0.030822199999999998
Q516E,0.027783099999999995
Q516F,0.03341330000000001
Q516G,0.03393
Q516H,0.0274707
Q516I,0.0177586
Q516K,0.013743100000000001
Q516L,0.000339812
Q516M,0.0344747
Q516N,0.0328945
Q516P,0.0370511
Q516Q,
Q516R,0.013618
Q516S,0.0261231
Q516T,0.024704
Q516V,0.00827143
Q516W,0.0448643
Q516Y,0.0197109
A517A,
A517C,0.0474098
A517D,0.0215387
A517E,0.0135535
A517F,0.05366900000000001
A517G,0.043945099999999994
A517H,0.039448000000000004
A517I,0.053454499999999995
A517K,0.0203505
A517L,0.0400649
A517M,0.052270699999999996
A517N,0.0268933
A517P,0.050742699999999995
A517Q,0.0315183
A517R,0.0240726
A517S,0.013202100000000001
A517T,0.026625
A517V,0.0462148
A517W,0.06219500000000001
A517Y,0.0434874
F518A,0.0203702
F518C,0.0365069
F518D,0.0423856
F518E,0.025982799999999997
F518F,
F518G,0.040693099999999996
F518H,0.0389086
F518I,0.015703799999999997
F518K,0.0286041
F518L,0.011178299999999999
F518M,0.023119499999999998
F518N,0.049688
F518P,0.054983500000000005
F518Q,0.026564299999999996
F518R,0.0192374
F518S,0.0301291
F518T,0.0351411
F518V,0.027009500000000002
F518W,0.0239919
F518Y,0.032862800000000005
L519A,0.0712221
L519C,0.0829028
L519D,0.0943159
L519E,0.0882167
L519F,0.06582139999999999
L519G,0.0892249
L519H,0.0943159
L519I,0.0527913
L519K,0.0896316
L519L,
L519M,0.0771077
L519N,0.0943159
L519P,0.0851904
L519Q,0.0943159
L519R,0.08420319999999999
L519S,0.08525880000000001
L519T,0.0835982
L519V,0.0622444
L519W,0.08737080000000001
L519Y,0.08074730000000001
