,H,K,R,D,E,C,M,N,Q,S,T,A,I,L,V,F,W,Y,G,P,*
270,,,,,1.2048387170031687,,,,,,0.8416530997236317,,,,-0.17374603902756336,0.9224901136380701,,,0.8823542738973225,,
271,,0.3533575500838456,,0.554382801945047,,,,,0.7159218831412265,0.5255295260897055,1.1635304919317362,0.40329138198041964,,,0.43090280888339194,,-0.03809984330900129,0.8510560994694274,0.31387953694928805,0.1660004677273218,
272,,,,,,,,,,,,,,,,,,,,,
273,,,0.6415626412787868,0.6219427121837913,,0.052292605659336355,-0.7840262438608503,0.3169225190200139,,-1.0768328186901877,0.5681981539197496,0.271879638861233,-1.687349928576342,-0.5067244974533092,,,,,-1.8853696261124484,-0.007340499771891551,
274,,0.4456233721564845,-0.1947736355579155,,0.5704311752255535,-1.0731259379167095,-0.37890661822833316,1.6419616004365287,,-0.009043047358241019,-0.0061705872551534036,-0.47852742036282336,-0.01984494285886429,,,,-0.9350206438055606,,-1.2974305334038574,0.626139051969143,1.1920703401768404
275,-0.008175844694163104,,,-0.23250719071819753,,0.7156492235771009,-0.1522899998629721,0.06394106967900201,0.24493634656933794,0.1317518590327883,,-1.0211616000531183,-0.5457329275474703,-0.35281119979701503,-0.35123975443501987,,,-0.3108034616942852,0.16794449900227448,,
276,,,1.4704078440741168,-0.3975111279425529,0.5474970791880791,,,,,,-0.7840550191756313,,,,,-0.1201513780778547,,0.6569620950947408,0.027679513710600956,,1.075617215363239
277,,1.0081040179062397,1.084143262186798,0.8083884287282753,,,1.073150384421923,0.8379985398009355,1.2840774811277982,1.0722976880261907,,1.233060957115866,0.9859223161789887,1.3189510398841724,1.1712196591093182,,,,,1.879852225413651,1.2111854790676198
278,0.40898090596686554,0.8841300057674415,0.7214419489165088,0.7743324765804698,-0.6090498696748021,0.29528667593886015,0.3949276134095939,0.8655427747677681,,0.5507513762966777,0.6876631449910319,0.3993526711682067,0.9124288895251451,0.9389733796324886,0.7409620959116334,0.4398665401957534,,0.5862237353043486,0.8115077177704059,0.9863992912142974,1.2099333550885436
279,0.9094182127278536,1.29686377288617,0.9098382686576998,1.0437200682061922,,,0.970387203018632,,,1.1570703861800178,1.1753382107144028,1.2038256380954189,1.0999054519222047,1.2162222736598198,1.0413107707343787,1.0132152067860158,1.048189888103949,1.131651617596194,,1.0114617566796753,
280,-0.5471118844719336,0.9743598830721383,1.0321197310477166,0.9936803292260583,,,1.4837964324442454,0.7395795763601443,,0.823367504165214,1.0399584752863482,0.2937095779777474,1.1377452592272557,0.9760750266556659,1.1800617943836311,0.4595444405556612,,-0.07273952311828324,0.8710234051160824,1.0027083169457571,1.0816922344207882
281,0.9175716044920119,,1.035614778926183,,0.8965290397457037,1.014233915596212,,0.8813996837623601,1.00348987022422,1.116432352222914,1.0198628403323526,0.9991413603591563,,1.0164727884530051,1.1278011236190926,,,0.9645003444187124,1.2144927004586688,,
282,,1.097663588420173,0.8848972016839987,1.000854010295551,,,,1.000546413786661,,0.8851481717906944,,0.9218895147421182,1.2126294072971362,1.016907887018453,1.2041037564787198,0.9858911004135287,,0.6223886265872103,,0.8424865159439905,
283,,-0.4650328533791148,,0.6076702151136284,,,-1.4505533593761348,,-0.31256479234536116,,0.00028078345219118006,0.9575176124832573,,-1.029152875966214,0.05177908789767427,,,,0.8931356120772538,1.0558028244873132,
284,1.073245433114986,1.1008524443254721,0.9838096875590885,1.0420477657777543,1.0594518667692678,0.5912550054453153,0.9003889400177685,1.0362070554326115,1.0472904051247083,1.0638318471586703,0.9783479472981897,0.9163372864669675,1.0276995799599349,1.1777057457400486,,,1.026980598025019,1.0059602948917257,1.0222261938689905,0.8903587167478328,
285,-0.3582450216198261,,-0.7068434759282236,-0.44246428476554456,-0.699440129236639,0.10083640880369549,-0.8916823529407085,-1.1548818901054685,,0.765766823427021,-1.6676116453582845,0.18478864570454956,-0.419383489432795,-0.34079220685054024,-1.0236509481115803,0.2663668749595446,,-0.9297632727586451,-0.4570992568813388,1.1417935973048352,0.8201564312260965
286,0.4176906340641814,1.1004122842366633,0.47765443956802567,0.5926148611812249,0.9349460794752501,0.3211545071402114,,0.7524753173580222,0.47256972036637107,0.8010469303600116,0.8191011327745961,0.47866691398682726,0.35616277689684117,-0.13253202156606564,0.5209142416028966,-0.08952753971559213,0.14021829919272288,0.26985747537728955,0.00751753506133479,1.034990538602049,1.0680977594068866
287,0.850511872672064,1.0816600045083964,1.055250562217797,0.7461730539507563,1.1216784973574188,0.12253936006406446,-0.054818648601607387,1.0172706897416666,0.6325093919415332,-0.8768867461789196,0.15047869248505868,-0.3957510299800233,1.1368772588978229,1.118308646590871,0.901649929688275,0.18338350174012152,,-0.7970535470286484,,1.0265672840575548,1.0305465174789146
288,0.26578109269635997,0.6829453185499959,0.6053503339177756,0.2139563889675553,-0.0019280936492110379,0.22206434503519878,0.258405323922896,0.8334395800518994,0.18370779301155843,0.4501715292700025,,0.1751837251918644,0.023312267481640503,0.19278387164426763,0.044248613529225544,0.24398117369634614,0.03474799884808172,0.2775422316975137,0.4171059979960101,0.15722291740603517,1.056307243585505
289,0.6661370071670474,-1.120659729646472,0.5364834708212184,-0.04998693445032032,-0.0876619408043724,0.2337166886182065,0.21968697153607508,0.11829150370889452,0.19536383921779477,0.6733185520827737,0.3963003674570368,0.6303163487381687,-0.09950293469053229,0.19817622888023606,0.22726000394386836,0.26780523363739556,,0.0313305010780609,0.12114703409413324,0.08623916529689932,1.1400478633466902
290,0.30364047391743404,0.8023105119825078,0.4859973538272552,-0.1151517036812435,-0.12800248651328494,0.10375767664551178,0.18875751474057767,,0.3849381438016011,0.5292420695012537,0.3259856631045985,0.2833806739636727,0.17405520233143523,0.11710744685588079,0.3618844225602688,0.594113480131194,0.17569963366723718,-0.13624523200583816,0.3724239181027169,-0.15318199193455906,0.9843606369070552
291,0.2961867480884466,-0.13277076714620284,0.6048785836828232,0.23691980830288895,0.5689265108103286,0.05869150304883336,0.4210459848413015,0.722259868120219,0.5872749816180246,0.5390121843484903,,0.5274569119553008,1.0711628842364864,0.6718935751006724,0.2910978367256613,0.23592031475974506,0.5988833269304018,0.12113807912196628,,0.0028920002228352004,
292,0.3474641638337041,,-0.514841293990485,,0.13029376144540994,0.6701479650867556,-0.07446562783911126,,-0.02315509643991301,0.5914435318308445,,0.3549552331800452,0.7343840118109888,-0.011184033455518994,-0.3771549029642858,0.3425754515712913,-0.11634483735352052,0.020008257699249077,0.3034753905843163,0.47138410399955905,
293,0.04047414012694367,-0.08377052426286313,-0.005530995097126068,0.25795845403386664,0.6332480755508665,0.3961232479161416,0.27111680076062084,0.4745443614574927,0.4108262630074307,0.19246191838664428,,0.46231529480068917,-0.1188574588492673,0.5133854223515292,0.5220263267545481,0.5955676446163787,-0.670000495155034,0.04074134287729424,-0.05737218049672488,0.06336689198905608,0.9925880730157701
294,0.4580643415595536,0.4669798907961382,,0.6253743217808261,0.352948253342524,0.20086124483873347,0.5200648780037189,0.9977171088917459,0.5929276221284958,0.4400015476593443,2.556663441460496,1.0713639184248034,0.09436353916590329,0.6861813931110778,0.12580969782229662,0.14833507856098002,-0.09604985419699724,0.09674274547700717,0.4684879826712977,0.6450223995865101,1.030791326919363
295,,0.35817950996673675,-0.1958255584204781,,,,0.36637142883720053,0.4874725023712695,0.760273788542003,0.00945991370878041,0.08296846815632875,0.9433459061976428,0.6418236977668783,0.4203121756098365,,0.3156455220674963,,0.4980048521258271,0.20433619488676918,,
296,,,0.9528475510482111,1.014967691103225,1.0648767972127495,,,1.4379591917160768,,0.8773512415203186,,,1.1304978610058678,0.9878653604139247,0.9028144840665664,1.216728945705393,,,1.1087968608559442,,1.1244779207720137
297,1.1716457402978036,,0.9060317854163555,1.2251525266613137,,1.0186034599207492,,1.029734498672668,,-0.39981528270876404,0.03674802524621368,,,0.33135730538877406,0.3851996239774792,0.2342997200594298,,-0.06936857174178065,-0.2688127123463128,1.084693014673353,0.9749440744683557
298,0.9803972963205128,,1.0328333050971368,,1.365509571529144,,1.091292449705596,,1.1019966096199276,1.0753454423097126,,0.9959304549343371,0.7908312265585382,1.0160828706187393,1.2079988911024375,1.0713525417353171,,,1.0758615241499858,1.1945594707981981,0.9550258819566235
299,0.10511169844570997,,0.41260441070784293,0.4787666616607086,0.7347769681390833,0.6556791236932754,-1.3926530288700696,0.5469012688071335,,0.535910657973181,,0.7929431945267493,0.8986299098427737,-0.5303017070089175,1.0255717227692398,-1.5863628656356812,0.17213725999819446,-0.4714141286869502,-0.2514337789944725,1.1452204409781268,1.1642872920470275
300,0.7312500768498512,0.41210355422336453,0.29216117398893005,0.15703554282542764,0.26078548102005134,0.6728632410386326,0.4437709886590152,0.9600810664582027,0.7651796784876271,0.5011533624298277,0.497032739800254,0.4311504125365032,0.9889772058714996,,0.8179406387258625,1.0631127226567965,1.058712515623222,0.9124719947221991,0.6861623727140521,-0.23811634752356392,1.0055359237470758
301,1.095822519272814,,0.4742046538270856,1.0864084597381265,1.0799310558109598,0.8375181401724847,0.6306557578006373,0.9846867755796604,0.7522763151848255,0.922096017586733,0.9310565598018017,1.0811002965495122,-1.0591214537021427,0.5594833226210736,0.29894013144500103,1.1424118246796175,1.011825181506149,1.051455792853326,0.9839951354780809,1.0071298541430351,1.0427346127599462
302,,0.6165661611170195,0.7757598717882452,-0.4068395729809935,-0.12121901198646534,0.5471485884700947,0.5522519056413016,0.23407715456577666,,0.20093103471920892,0.19335176398008264,0.4035056370352023,0.10611384298897794,0.059270388347957836,0.3440747546437395,-0.19986457230794108,-0.2144316683197688,-0.04554767131234572,0.2899406654781656,,1.1008288228862542
303,,,,,,,,,,,,,,0.005058551386502923,,,,,,,
304,0.4413084539927352,-0.9043212426986789,0.4451781695031398,0.5575833135800549,0.2572439004590773,0.9569134434156887,0.36275023633561543,,-0.433548120745737,0.1514286120612216,,-0.02338559297086118,0.9108421231602959,0.8684506107607948,0.8903983071842352,0.6471148139828875,0.2597752639780272,0.38677030562034104,0.44215365750159347,0.5059387600265743,1.055661172749359
305,,,,,0.39658446837188666,,,,,,0.9362413610192515,,,0.9318442279358499,,1.146816990699681,,,,1.1495859090053933,
306,,1.0098707043841688,0.9263972880922439,,,,,0.8125791244126981,0.9000135485327239,,,-0.19436232124218794,0.8807257465613811,0.5308668095670056,0.9591641346737356,,0.5944316343500591,0.7960083809133235,0.37629735496960054,0.2104302953455186,0.892078793655428
307,-0.09915615894858087,0.6491544994190278,0.32327665250462595,-0.3675598754834768,0.0005391345279305293,0.24539989787392996,0.045265771933539145,-0.8391925268480749,0.06854407405586638,-0.3034493275080521,-0.10177695965846478,0.06614304985953834,0.2922269972448653,0.5406387789788147,0.5098796009678365,0.23769956316407756,-0.16995829085697545,0.31200818532426045,0.34337936992079465,,1.0598823187379296
308,-0.4370634235909596,0.36971996348476055,-0.08366446322607379,0.7951349587010599,,0.8089434429369027,0.31650383145774025,,,0.01145693339653725,0.23666233714124246,0.07609638115636369,,0.17079785630745,0.22473527621378125,-0.11003378675541267,,,0.16886057480320082,0.5501667170371549,
309,,,,,,,,,,0.14135431690591646,,,,,,,,,,,
310,1.0865650906794728,,,,0.9792382300058016,,1.0178198180960227,,,,,,,1.034332091695587,,,,,1.0042931428596393,,1.274250299836182
311,,0.8945778436816274,1.1464076942078143,0.7639455890359448,0.8388281032334293,,0.7839506160017373,0.9203767237516185,,0.9475401199613547,0.8834499835750287,0.7967075407917668,0.5997978703923666,,,0.5911588126071217,0.17121972902234756,0.3167898438353266,0.9635660520278908,1.1568814446506883,
312,0.14347677038337375,0.549474060601314,0.3866171953144638,0.2431371945309237,0.3656034021615344,0.5595790730166691,-0.1287134779304674,0.02264486185338288,,0.6433320175887822,0.6428105156766014,,0.6149632574572226,0.44536954611135526,0.7585433007498619,-0.4938842139415366,0.5132366397062269,-0.5553377540556099,-0.19600415984939068,1.0391876487312763,0.9562728335170441
313,0.9627741568320898,1.1948740187032039,1.0384540570511975,1.2994793993368567,,,1.1042012697537664,1.0421822971202648,,1.084190768855314,1.1127356693521764,1.1218227557402534,1.3032557911200031,1.0775547461211166,1.3567692529721431,0.8447974446072755,,1.227014897207896,1.150380940873168,1.293130642264755,
314,0.952724412892904,0.9828811294731634,0.972928492496892,1.0332108833940723,1.0425186339872266,0.7213958297940226,1.1711067429803197,1.051257170288053,,0.6028838817055615,1.0637775589637182,,0.9962072580303727,1.0021858181278949,0.9512521883164446,1.0333940084768574,,1.1312823574903421,-0.2748986910431323,1.0350878188649681,1.0838393630273833
315,0.17732506989199362,0.6702260471056573,0.7120446079231456,-0.4658680032995832,0.005268589323860928,0.3653786094301147,0.2433622020452867,-0.39795369656347457,,0.18953576593225638,0.4421327790058608,-0.08163182862584895,0.6305587137460481,0.6152251207799563,0.7598448367588428,0.4138539192251698,,0.17167684390374396,-0.1312102004126404,1.1664813858330403,
316,0.6395071923537847,1.2273893236057012,0.6180060737144075,1.0530330299095718,1.1766956591107942,0.5903379835946347,0.8515303180141083,0.8993246465914251,1.1271051135052357,0.7460463490109123,0.32330361537114183,0.7744489837627004,0.06451663318411294,0.8176908834397619,,1.0561735791566795,,1.0106833599033096,1.0120485597128672,1.140557298530565,1.7816004798866825
317,0.31110214160542504,1.003575760616874,1.039346600635681,1.0104971787421124,,0.7748550468113049,,0.83613938956561,0.9906286612224573,0.7948784516357454,1.0736904337572795,1.0600988553168518,1.2240446331919326,0.5525793668694139,1.1280847342854134,1.0024477084588568,1.251915735124207,0.941045640102308,0.6681419264864963,0.9898568174564297,1.1006907209166736
318,0.9078690108798773,,1.1875858295345214,0.7612547074630822,0.6278583131574892,0.8194866592359926,0.35308397737792596,0.951593216845706,0.3828772639220063,0.5675864974621445,0.5689409984706663,0.7048322275386761,0.8574092902465953,1.00813844933527,0.8941327244009887,0.8656917362365006,0.8467487878473707,0.9159305739152179,0.5929061904039046,0.9962709017890643,1.0288946764600688
319,-0.1325924728366255,,0.1346252488147233,-0.011089103141598167,-0.4368926706407531,0.1426372825570844,-0.19469977385053328,0.3228951357074523,0.15137619498803828,0.23776920802607848,0.18564599639609897,0.21444460326787657,-0.39418106992532037,-0.04522177312026002,-0.15597807945301384,,0.6097404350676704,-0.21582576067599313,0.5356631960737082,,
320,1.2186534263741444,0.9750184866762379,1.102514547317261,1.1202140600244013,1.0177301600817064,0.6909714737771493,0.6945925763455316,0.7670137147414355,1.1327748345345727,1.0460143374941786,0.8512398311601375,1.0640166504363966,0.8594631281856306,,0.7723931721151167,0.6676961195419532,1.0240120098676437,1.0301016610624951,1.0512404657257548,1.1224968670718543,0.8976760900395329
321,0.0751286249431008,0.19189703118934326,,,,,0.04635051697395193,,,-0.14959400785964072,0.14959089390875863,-0.47015141473633637,,0.31784384325271453,,0.4623217891387056,-0.14290309637206045,0.2729078011154448,0.2599737498283238,0.26275242124862813,
322,,,,,,,,,,,,,0.8934633614606726,,,,,,,,
323,-0.69545758313309,-0.9344430582597516,-1.0739170721384645,0.5370266311147015,,-0.06184719627948669,,0.17197739208622514,,0.14647154222124123,-0.4372647071890465,-0.29640665473227384,-0.06779635511430152,-0.144926754472961,-0.044135082802369024,-0.19881907112039285,-0.30146418028257477,-0.30387604581562855,0.35661288720429163,0.0742248003684885,1.1184937113670135
324,-0.29080005113195884,,0.38900438785107294,,,0.3423114339018867,0.26792217284415953,,0.1368701754248233,0.8814528455259389,0.17383970078663513,0.2378077047690218,0.4785924049401581,,0.502336028731043,,,0.22076280073146054,0.27660269148192607,0.6150913392822945,
325,0.45181371063150444,0.37032981146521216,1.0331285935251338,1.0016278725360246,1.1491016679446575,-0.612463552036036,0.13438738704903427,0.11195720589107638,1.060998868486025,-0.34681371260879434,-0.824143864171281,-0.5792104040797819,0.28958549432325,,0.034682452200451075,0.6642613913682689,,1.1111023389531864,0.9146702608445114,0.838029207243002,1.1774081369728489
326,0.4444642312633767,-0.21097336179831327,-0.9600305431600298,,0.9111659640193517,0.18640360429804811,0.8176223142611035,-0.3278219098734403,0.48849310662263645,0.061410498950215775,0.3095101082786324,0.5374968527881295,0.5096486844933839,1.2811826113634786,,0.447568728175995,,0.11834941142910808,0.3681117460392962,0.8543023536998823,
327,0.12101201145066498,0.1483971842151654,-0.037993085662291703,0.22777245472194774,0.7263389046209651,,0.45965473074902796,0.38207511577922043,,-0.02577965776984603,-0.5518736345568829,0.5489391893972431,0.274460895749007,-0.1288500534698737,0.025792488359475424,0.05146181544906978,,0.38612314720027047,0.43853664849845586,0.07381800933782065,1.1928904983847086
328,1.0893869644126193,,,,,,0.908439955906087,0.9939014247498901,,,,,1.202406942978851,,0.9978352658116958,0.8809687729144571,,0.7986482455905257,,1.0081529468998025,
329,0.02525702858950568,,-0.30514914788131553,0.6709140397676379,0.03394909293454573,0.22184503767504662,0.36855758831621466,-0.059917261437936686,,0.40431864946776125,0.09100167732759895,0.15189083511278934,-0.28864895880359565,0.31320162304026666,0.1272190314539262,0.24093043762279392,-0.1481884220397755,,-0.286792516801549,1.0564061067512762,1.0742126365477584
330,0.10012513659306466,0.009288299729500404,-0.5800985744617426,1.04947507226557,1.458396910277403,,0.5875658682882037,0.4581550473881144,-0.41876634142823,0.5869891755616072,,,0.7448212167541577,1.086106556618256,0.8390484222128092,0.035496632681450646,-1.3013697366463064,-0.44289495034826987,0.6829754540034162,1.0746176676396704,
331,0.935002139951616,,0.7373876662119057,0.5418632102076705,-0.10227428977018674,0.6435215733565423,0.19115884279565987,,0.6301101538675928,,0.44492164417579416,,1.0770767938370203,0.4234046185599418,,,,,0.8781154421591773,1.1901588692137248,
332,0.1748507895088968,0.631580335610982,,,0.9698625705371431,,,,0.7126105437104442,0.7010626109957849,0.8102908270430309,0.1936504088502596,0.6806195807885576,0.6706717932323185,,0.35589975285699604,,0.37277331747963843,,0.8543419875570577,1.0081958614307402
333,0.20423122541103206,1.0451716537287763,0.8737971804982306,0.6328652761227527,0.10012312777188996,,0.841350805587467,0.5601965187543971,0.44904960564230306,,0.781373638317001,0.9231277465888033,0.9944640837261913,1.050180503237302,1.0400729857385607,0.7790398169195666,,0.6331022256619813,1.0827231329930995,0.8888854552334824,1.3362487272927615
334,0.30444984286009086,0.341220469873425,0.26639610832736765,,,-0.7874427712206679,,0.6142777103436907,0.3267236815964139,0.3483609602233554,0.2622248006886548,0.5606359354490545,0.13465640895911335,0.29583801830259,0.22084344387089122,-0.9365388470773681,0.5764057051845218,0.2722766517389541,0.3971702052825848,0.46110156623091053,0.9913350386976847
335,,-0.847886864379215,-0.5233220150526858,0.1724530187041814,,0.14001583829068975,1.7734957241772726,-0.8811211590209527,,-0.44239123768158484,-0.3775240178254331,0.07961965523885162,0.011164984784185705,-0.14736892128030687,0.1656437881820415,,,,0.35527830706492636,0.33710578642885736,1.0994649327726234
336,,0.6153148727083818,0.6983878079478401,,,,1.0341422927329202,0.5242552948406491,0.9398573829790757,0.8697237613455491,0.9949680798469722,,0.8194451336357138,,,,,,,,0.8159732378617783
337,,0.9257481521684334,,,,,0.2647345763529806,0.20513903151117102,1.5886819949461548,0.8002791605817923,,,,,0.7638868015988753,,,,0.7833594881157333,0.5382747287466931,
338,0.20499022385946936,,,,0.6174298407149184,0.9197980353624953,0.6107131090246998,,0.5875152657895334,0.9883855414971792,,,,-1.0799232000733716,,-0.08621479828319051,,,,1.1917000399350448,
339,0.20515276428884655,1.2047303842884662,1.0785140340424006,1.099732142935199,1.1175960889035021,0.8852452022777593,1.0053239797984717,1.0287975191791598,1.1416366981614372,1.0811602150161208,1.1026989059165757,1.1397877025538627,,0.4019684812171134,0.6472152517859593,1.0074847850941389,1.2500140754355638,1.0411553364537751,0.9898541113755495,1.2063574690999108,1.1022514596725925
340,1.0784272415177334,1.1327145415727653,1.0961849760301112,1.338694437667041,0.9897979216208925,0.34234666400003655,0.8944357941452414,0.9309866880846971,1.104950531259795,0.902095915682231,0.012308052993730334,0.5003988246727468,0.33487116611772944,0.7140018084586827,,1.067650199271184,1.0117780238900453,1.0895921584971713,0.9546702460709027,1.077300472003326,0.9446611108604772
341,,,0.6406748398380842,,,,,0.9678906962891063,,,,,-1.709012843832694,,,,,,,,
342,,,,,,,,,,,,,,0.6942370852141257,,,,,,,
343,,,-1.6714866450745474,,,,,0.23767766413842517,,,,,,,,,,,,,
344,,-0.23538471408304754,,0.902794131650507,0.4380347292425689,,,0.5050371356879166,,0.7944594008774357,1.136860829188054,-0.708025374921402,0.5124440625905736,0.7935284658101762,,0.2708565983104891,1.235326069614872,0.7371516677507189,0.93652805572892,1.0549660120946922,
345,0.1717285162189424,,-0.7659957764779861,-0.886271434824976,,-0.13396344578737035,0.02382992216116342,-0.04735301804741198,0.10792503638526751,,0.2453042945180215,,-0.036682993462798796,-0.5100495154356277,0.009044877284242386,,,0.38155826590214464,0.33061154310959107,-0.027236008877143947,
346,0.46401794632010146,,-0.13033070878783803,0.2650836343456676,,0.5076964142661704,0.4252225642839399,,0.4272201276105232,0.1578209979685647,0.7509726340009446,0.19823224681244123,-0.23467073212543882,0.11051848964641722,0.2389201460440244,0.3633572114342417,0.19628991609473462,0.15217844002898503,0.6366470591081943,-0.4926684636887113,
347,,0.15902534727030113,0.10645496535063252,0.5429588619630794,0.8088257902129585,0.4155250251602797,0.751307903376811,0.4574229189571375,0.697831666351117,0.17083085017767968,0.8369031073611028,0.5261193035096383,0.8826109134714726,0.3312726748811272,1.056658307079432,0.9849978195025606,0.9751545312197396,0.9654944890312842,,1.043244130498215,1.0393696808417288
348,0.8397703679308752,0.9748641163113358,0.9857067733787932,-1.408932797616246,0.9111945889444779,0.43384632974832155,0.8630503679578603,-0.6243009129280581,0.6025939250993684,,0.8748205192142071,0.620124964648227,0.9751463335277273,1.0715959911547095,1.0786808446534601,1.0557608500275555,,1.009729980458721,0.9594265194940801,0.9117560493976822,1.0952408359571406
349,1.070893239321115,1.191920503019551,1.0495735845086538,1.0275530594860232,,-0.04924896721744265,0.07295755798039802,0.8059345939325346,,-0.07931176410801447,-0.0010230201606164571,-0.6257394169437623,-0.49286060220193284,,-0.04060720492978587,0.1879941943991597,0.449771461642159,0.11012242767786351,-0.6015621710666903,0.9290220057636562,1.0355663730783093
350,,,-0.31096770654718253,-0.5833868773220725,,,0.023931693235797857,-0.27118839354119306,0.283825876609166,-0.5878526361016796,-0.15569595624242916,-0.7291143021561723,0.21909641560242338,,-0.6855134425782291,-0.12183235350026367,,-0.26878276986892025,0.20556022402219742,0.7232675122303389,
351,0.2626743822684827,0.5259056973856903,0.44501285126673684,,0.10354041900797006,0.21404275045268434,0.5422840643486921,0.48169932318013764,0.259249194820993,0.29917184504309974,0.41038579439513384,0.2927213782183086,0.075576108583777,0.42390364312494144,0.41271863566585465,-0.03295578253042745,,0.8325301850756419,0.3318123382380891,0.9453784501090978,0.9178399566292343
352,0.07643807823538938,,0.4040272722355477,0.7533782406925738,0.2014240481747483,-0.14326729701622443,0.37326877426192895,0.15477177067864245,0.46003686992832293,0.20694905157604687,-0.04780955371661405,0.02194085020198381,0.31379897398817863,0.2594175672808332,-0.44784469757680767,,,0.5530747141758328,0.42632588363082335,0.6167817548027933,
353,1.0228255088180354,1.050180464515949,0.9139484250867349,1.2240262907375,0.7895503029566087,-0.28409280093904554,,0.9255660313614271,0.3489892837047641,-0.15591030756816485,0.5090327943943292,0.05722212941970215,0.3591874085940324,,-0.08972452101506384,0.36097853755077386,0.3808752845296378,0.47599547504084794,0.9571375295989901,1.185165622135603,1.1142719518628226
354,-0.0047833169133914,,0.07527688375106967,0.029177441685290444,0.03426877861408195,0.13723794508676937,-0.024175173768017505,0.31045179402457423,0.1859768641396833,0.4935718593056464,0.0396410892026966,0.4651871053179104,-0.3753188150158102,0.27115612623645874,-0.0003228794148399383,-0.251057435613889,-0.212077733734084,-0.2007496774957634,0.2101148668041328,0.3086412203780384,0.8893391476852925
355,-0.0795204589377631,-0.015181556466947722,-0.14827269605609042,0.7235894752883204,-0.025846178781012967,0.273628723762686,0.8160566479053024,0.45686273578276765,0.44409849986103805,0.23829193142496666,0.216467139574618,0.34109701278702564,0.1860695039694731,0.18412073154085065,0.33477409276234454,0.12215733792396302,0.08672150303199816,0.8143891671542169,,0.025026168054110176,1.124801122735388
356,-0.11226349261451246,-0.1362011099524849,-0.32656663274574305,0.378788902331469,,0.13805110419134664,-0.13983761308285225,,0.8246908220624913,0.06950136628970632,-0.1031579143947392,0.03044376941486182,-0.4193039463312782,-0.20829609410402605,-0.011860492446164161,-0.28271022660634904,-0.5513041953938385,-0.20853505583744636,-0.1185480741621131,0.16993613805759983,0.9822651113371672
357,0.3745371015422546,0.11968846696474378,0.10020828398261893,,0.21778404731341872,-0.0798945131881787,0.12140039158812926,0.12093344391593652,0.4727638335671167,-0.6619484865457983,,-0.02028857566077691,0.06497006940757785,0.15191029019374447,-0.008536185133185048,-0.3383132314419743,,-0.2774564811594844,0.2817475507152965,0.1534215998115008,1.07552800326831
358,,,,,,,,,,,,,,,0.431475575704812,,-0.06776803241274534,,,,
359,0.053986682613014036,,,,,,,,,,,,,,,-0.27713618958443775,,,,,
360,,,,0.19035379754633003,,,0.4331840973805659,,,,,0.47243204979225417,0.3581870338489272,,0.3721646030957538,,,,0.658357272930612,,0.7301725446971274
361,0.1821799849897514,,0.11392075668310955,,0.01587235706043473,,-0.3722139081295498,,,-0.2779169512375124,0.10812432612160815,0.1717175977328228,-0.23801406314479306,,,-0.057727490751871335,,0.12597626420374872,0.27981676107088227,0.4685569969197642,
362,0.4559514578453163,0.3139151433771019,,0.675990513333525,0.8328746026625492,,0.35920688438219645,0.5484282567596249,,0.5491633691821163,0.7200714893942385,0.5769035401684488,0.4243144951558586,0.4206510697793718,0.6515309892412687,,0.1968807287877827,0.05117428009947904,0.5122842113059444,0.6667601137210593,0.959832550680892
363,1.2743970290899465,0.5779671102894032,0.2234621414335256,0.6615245528519892,0.6984257453675136,0.3613694864014947,0.7320941405576722,0.4758487522731738,0.551823094454109,0.5766736860927046,0.6045660295149059,0.3282963726217399,0.5058039797261996,,0.5455190883838981,0.4754803471306611,,0.6868499408922495,0.5806106545999637,0.6017927448577379,
364,0.9938130641251717,0.07501840289363888,0.3889116860433438,0.6182999639339484,0.6492894180835792,0.24822442624718,0.42628266751703026,0.7937223139890531,0.48365962575925436,0.44939446205649053,0.4192305041405321,0.31650634312963377,0.399466202143531,0.19040650397427644,0.32721712989561436,,,0.38665147408213657,0.3965894765500164,,
365,,,,,,,1.229880902990916,,,-0.1432981253180826,,,,,,,,,,,
366,,,,,0.4201922713830023,,-0.01703482732578504,,,0.9565337559867481,0.19815901026301846,,,,0.17044863304174168,,,,,,
367,-0.8370775644114516,,-0.3100437032465354,0.8504189071388013,0.6803893412640246,,,0.17098408956437675,0.3587359555664785,0.02824716541467949,,,0.04866852349947376,0.7314525572050412,,,,,0.43593950976033957,0.6938623384982217,0.8676025102527583
368,0.23740123645212097,,-0.14152355191722799,,,,,-0.44161776931671226,,-0.4103614070019128,-0.13137854813501737,-0.22343439594717407,-0.2907614117806545,-0.45832359786937205,-0.7280523879062004,-0.04848650327754167,0.2259477685975766,-0.15331972306203068,-0.07361784239687175,-0.518491998053449,1.2457246030269258
369,,,1.09985540510441,,,0.24474958875811395,,,,,0.2117309091587763,,,,0.05184217582782456,0.035799191064742275,,,,0.9044831507685187,1.0532516316230531
370,1.0698204411727075,0.9110424543119586,1.0104705192806074,0.9688219032486205,0.8586967235709921,,0.14544091676195783,0.7254658247991173,0.5739312581226619,0.048801344766424004,0.688471688838349,,-0.22502436431052814,0.11088406570707532,-0.26916090100675716,0.9686627255103077,,1.0708738206834771,0.09945597755389042,0.7007376702657369,0.967844854720532
371,,,0.24109631119189667,-0.3025438933566038,,0.20496944422187327,,,-0.13997532441902155,0.26228232539749424,0.055284584921279065,,0.29460631723871605,0.1925678119982836,0.15463695182931939,0.004385174541934683,-0.14725535913079488,,0.05146209246671374,0.7846213064438898,1.0657133818685094
372,0.28632034104077625,-1.6169374591904067,,,,,0.28358815233702767,,,0.3910407325631456,,-0.09552319740845168,0.7058752099175867,0.7934012182473531,0.21940512094254727,0.28932948655982715,,0.37612035241019937,1.7449279726500153,0.7948517123707104,
373,,1.24148583456665,1.1598057491804972,1.1260699701247825,0.9247251691098524,0.25889582473768846,,,,0.004723548748781725,,0.8597008604492629,,0.8363614395038799,0.4443528771858084,,,,0.6244237313534573,1.069197766800737,
374,,1.6442373850064296,1.122363956831754,1.2793548365934617,,-0.6843203404941691,0.11949541075401582,0.5624716807302026,0.7722909775671676,-0.15976863737502633,0.07133882112568116,,0.4112862202325668,0.21405348803818358,-0.0013397471670309191,0.613495552919247,,1.204961309193787,0.8204617922970107,1.0305539339784868,1.2807150816468675
375,-0.2715092813837633,,0.09369208056979583,,0.2703744410295124,-0.3310078505411025,-0.34063057957849285,-0.43635805704188124,0.26317171307811305,,0.14599504058022167,0.4788378546950542,,-0.3054595812735954,0.0391171506953579,-0.205006065191778,-0.4729086104639442,,0.27894876602371316,0.5744694411713027,
376,,1.098902425750766,1.1524707668035994,1.1869685063242712,1.0986578270569771,,,,0.9801260665796787,0.6903025219408468,1.0503694013276732,,,1.0843133911525198,1.1295825770643144,1.197995806474519,1.14756681679359,,,1.1266301164203172,0.9520028930237772
377,0.049127206877590424,0.8761151162691554,0.9423468502625638,1.235560321470774,0.5052592530034921,-0.06417105196750722,,,0.6163460894426414,-0.866231718709877,-0.7098868864313439,-0.6055367902549114,,0.5552542831936966,-0.7107758003422238,1.0243081057815944,,0.6039393303986038,-0.8022438304112341,1.046968185949172,
378,-0.23331295013841474,0.3490340011330031,-0.583248109331798,-0.7259762064367048,,-0.13547023585029438,-0.6111099035831002,-0.38464158023203265,,-0.17705712671004425,-0.3831445027998792,,,-0.6834730477603919,,,,-0.8855571258645232,-0.21958792736509336,1.1145517420495175,
379,0.4357779506067083,0.18204650234904005,0.5955940672851399,0.43785974506135406,0.7907307484882212,1.1882743516591172,0.7095406225494347,0.7838027358792592,1.1574653066375522,0.6739695025934075,0.6706656129685614,0.34894993760036985,0.29819853438363975,0.7476532094727179,0.8613417719984142,0.23826529195878057,0.07448478661540109,,,1.0196055057611706,
380,0.2591777133458688,,1.1245934273232594,,0.9825992767886149,0.5448829115409779,-0.09718360496100242,,0.6424155941916825,0.9870588600758949,1.0995194157712296,0.974725794541639,0.46250264304824706,1.0579090424360875,,0.3867638101333984,-0.741037337491951,1.1516500419470532,1.1498077553931603,1.0801846992979722,1.0344123222873058
381,,,-3.0445707741480463,,,,-1.9178695310207794,,,-1.3895281652549571,-1.355810663674362,,,-1.95619142671233,-1.8352537791379273,,,-2.1239997414345706,0.1643896362601751,0.6243867948896882,
382,-0.02151809134755911,0.38170347765554336,,-0.3546525828684004,,,0.3276822928658845,0.10329299553340543,,0.3273945415143843,0.02386393433897327,0.07931351373629131,0.4640824868993579,0.03565743188085055,-0.1377118382500675,,,-0.40508260571500543,-0.00897821968614343,1.0460621163993653,
383,,0.1059124787473203,,,,,,0.29128257800024027,,0.7799337036519873,,,0.9078646877954408,0.8651693719363591,0.9200454906592883,,,0.574378459926972,,1.115771548991661,
384,,,-0.48657469596741276,1.0129375956364535,0.8273965977789948,-0.0601672052419025,0.20506938173945397,,0.2268701594506516,-0.12171572871971226,,1.2637421300082705,0.13209279178800792,0.0567760188409617,0.6800613490712716,0.08294577393203648,,-0.18770824818601084,0.7112969331040083,-0.0014716741665635538,0.7378930390773069
385,0.8520043042412848,,1.0415292772438471,0.8314110707725904,,-0.18821643693208828,0.6010684758573753,,1.3898487387932856,,0.15952209567071374,0.17791844846882915,-0.6095228145370191,1.092404430970229,-0.5708158333392654,,0.6526916452369197,,,1.2860939309785118,
386,1.0191127285974377,1.0619527009956595,1.3178726700512284,1.2063973977375009,0.965993884579103,0.3322130684181361,0.7706823218937735,,1.1137414972582853,1.0130967354381826,0.7411989734997507,1.015654429253756,-0.6609986798673491,0.5144967832677975,,1.0215061671202,1.2233359887808808,0.9719841683774613,1.131055934364487,1.1814930980455958,
387,,,1.039504891797875,,,1.0247895426181668,1.2341317244777221,,0.8293980482061445,,1.144218393873094,1.0915458177412412,,0.9994171867171766,1.1498183153906416,0.9115724799026379,,0.9700973194064895,1.3804591183998205,,
388,1.1642495211772264,,,1.1020579698554365,,,,0.9744032867833399,0.8620768624148503,0.9481153302227396,1.1196316088270517,,0.40471950961520864,1.0217255231051507,0.16441150022370518,1.0461357260062514,,1.0569128668938108,1.2166270442129603,1.003397470612087,
389,0.8465412660753489,,0.9900358570702992,,,,1.4146552196806708,1.0979261588727676,,1.075848787322921,,1.0803157725909784,1.7265165310868176,1.2006909829125156,1.244130541739692,1.1347340419518666,,0.9542762395464135,1.075835402986205,0.9615160758175474,0.8469099591878091
390,,1.1537616847025298,,,,,,,,0.8735267789821566,,,,,,,,,,,
391,1.2605916690883203,0.9597471082454374,,1.054819945726257,1.088750476011599,1.0749086664598462,,0.8893692695876996,1.5620561736221976,1.1018839209230284,1.2000264393891078,1.0983243760152757,0.9990448834820784,1.0851269419999094,1.1269779484737774,0.9802458723902667,,1.0995769397478972,1.0924023075139246,1.1401462092285464,-0.35673259360536935
392,,,,,,,,,,,,,0.7665937668760284,,0.16438319986540445,,,,-0.12447876738420774,0.8747612822937239,
393,,1.1734449358488643,1.1509259612779472,-0.7289408619636002,-0.04322617404295559,0.6396491776032086,,,0.4644407992331868,0.45408676393909936,,,0.9744665714417315,1.03464091306321,1.0441432461730735,1.105841924898707,,,0.6287923724862792,0.6339496833321274,
394,1.372053881311456,,1.3917561084348262,1.246778374541755,,1.0889633562215264,1.4143161298716886,,0.9067265271066172,1.0731586722030682,,1.0790403196375924,1.0132283817540504,1.0654231345874012,1.1039081086358034,1.2313503004458475,,1.0611202132773283,1.1685364667680338,1.138526069436059,
395,,,1.0130458338903348,1.0009740940389629,,-0.46012273989871133,0.28033671577532826,,,0.7729268860133929,,,,0.9352903035459206,0.45586636332334707,1.1034750699359817,0.9190624228275004,1.1186132110981917,,,1.0588776974714913
396,,0.7417564869987769,,1.1174424001604966,1.1078517352030448,,,,1.0468763605946465,1.1113898735291219,0.5839669578665195,1.0110167042975915,0.32828922153839857,,0.24775507842375072,,,,,1.067242067146492,
397,0.8790298110034709,0.5302608583207119,0.8430200375292678,0.6819635403528268,,0.20898883199654428,0.7674941933946904,0.9447546998388523,,0.8264092983308455,0.3038838747253704,0.39619509794646746,0.7965433211893282,0.5509358143520077,,0.8054785557016,0.75522312188476,0.6369717387286933,0.782180435456201,1.113018036239784,1.0042636226823323
398,-0.22449751294035336,,-0.6169726738436107,-0.15651032456890424,0.32785961390618834,,-0.08334587408775249,-1.1931706413946257,,0.01616026097157297,0.21822138307312816,0.47689011114036467,0.6581868826655356,0.18172496039056862,0.5924089389406155,0.71723254314528,1.2228255393396836,0.5084386719680944,,0.4700013751906712,1.025430854605359
399,-1.5234373994913564,,,,,-0.03627357962146516,0.02292801094183028,,,-0.07154759607433991,0.010461198250947379,,-0.4260455759316255,,-0.07274203538756624,,,-0.4951268904067322,,-0.47247049242134553,
400,,,,,,,,,,,,,-0.7914111046914979,,,,,,,,
401,,,-0.37308460983080594,,-0.31585024262773104,1.0558247953609572,,,0.3179256155908502,0.5380782488038002,,,-0.06846368826165,,0.2842694537084321,,,,0.4652196905675934,,
402,-0.2635005922126483,,-0.255049686335971,-0.47854009997964886,,0.5336100877231813,-0.7922928540490854,0.07053087113746753,0.18893395939375485,-0.05416152617338876,0.4806986604501053,0.16559807095055168,,0.06909212877809087,,,,-0.09272288764769249,-0.3626448331188197,0.5088710132539589,0.6838850060228701
403,,1.0631121879326189,1.099158622023764,,1.2143839929835347,,0.21014352777683926,,0.9909066509431481,0.5149200957976159,,-0.07318378704859635,0.6739136837550254,0.4688427746624061,0.5506504238384478,0.6233599931982654,,0.1722309225084585,0.45567807202440724,,1.0481674358634951
404,-0.31502545129139947,,-0.32247106936275294,0.9638506572585068,0.17814773654770144,,0.2020711074105655,-1.9234622557873062,-0.3918218575589877,-0.4052078127527183,-0.5633766640711545,,0.06438406562192661,-0.09404061624824356,,,,0.26016566065746927,0.9351927513692846,0.9254397361496935,
405,1.0351063285384556,1.3831130094290311,1.1152822706451742,1.0072909253264641,1.1410882232079322,0.8986852770473559,0.824886919033401,1.1526420455828466,1.2143980638399392,0.9098897743956893,0.7218570335923198,0.9390655971857944,0.16760485861906466,0.07422440325851695,,1.105636094682221,,1.0817045138060253,0.9845596119157078,0.9405235006352939,
406,,0.9669926055599176,1.1829441008158157,0.7212319956880264,0.9593402943621709,,,1.048445671079342,,0.7047544658113445,0.9939442325736534,,0.9113938182831336,0.984691495153075,0.9198263339055688,,,1.0809190786060168,-0.26862300089380364,1.103355607826549,1.1947002183920645
407,1.356205617898536,0.9406334261099751,,,1.136752829713073,0.9461947142228782,,1.0363723124602426,,1.0631429243631119,1.1684149437755784,,1.3486629506036074,1.091404867142108,0.9373843407933748,1.0855710944771002,1.1188985653680013,0.8574252417320383,0.942202258495956,,
408,,0.9931899239877542,0.9540267205029811,,,,1.172051042020161,1.1402707425911363,0.9790497292571487,1.070457990187064,1.0370310723235958,1.2117419369069702,,1.078499489877439,,,,1.0017677515037633,1.2225592577704252,0.9841707316712311,
409,1.117011415988031,1.490887495772127,1.04291950201726,1.0278510564578303,1.1186235469238515,,1.2047763592461298,1.1461328975848033,1.0901836599979573,1.0400365948376233,1.030446003925443,1.158441131887118,1.2458925171662787,1.1767729500639779,0.880472550140764,1.2413368743892803,1.1918946990629644,,,1.211272977138314,1.177353653545446
410,,0.8220155778924585,1.0060418988941637,,1.0228125897866338,,0.6895069291169004,,1.0104115545791355,1.00627656796029,,1.1425908568859657,1.0495583218121531,,1.1409052326389095,,,0.9763853186290989,1.3941795497907097,1.1266901253201353,0.9544643041402563
411,0.6988041878391082,,1.0609343814078627,1.1474012927588335,1.3073331568697426,,0.963603065204587,1.5689297309956456,1.2922820609872108,1.081424279747661,0.7046298633145776,,1.0712429998667132,1.0099185021491648,0.883022444777924,,,1.1198659471998265,1.1513358639729725,,0.9233807753170773
412,1.2489640872070096,,,1.028412923585839,1.1240643156438985,1.0927151008943417,,0.9601956830893705,1.0482696824845994,,0.6295210567340164,1.035669184594592,,0.8954615438172151,0.9346068954067053,0.9944551019773358,1.189538364043024,1.0367510065048486,0.9870223119950443,1.1621769411761327,1.0963711832767342
413,0.08858793961537859,-0.1475376937832027,0.28597299987502,0.7801716980606015,,0.29156715548324674,0.4403408862085795,0.8460879799406965,0.2782985827274076,0.047230826369843215,0.554890394002524,,0.6058495077175686,,0.3408042895886202,0.6884505297300868,,0.5163227649415327,-0.20096157635833184,0.2049641069547099,
414,,,0.8092873490269674,,,,,,,1.0241258395073736,,,,,0.9017388322828092,,,,,,
415,0.30398628563160013,,0.16768206569919014,0.8080715704153845,,0.2988533374347464,,,0.6003469117086022,0.5889486519733869,,,-0.13309512001091905,0.20437634589019493,,,,0.8222207531415007,0.46880579438548353,0.18283540347818766,
416,,,,,,,,,,,0.6045720761747689,,0.7152518681790438,,0.8229047599891879,,,,,,
417,0.38698976363133253,0.6856228863554088,0.6407887473856726,,0.23628195576519084,0.5616108169357439,0.6543814328221943,,0.4738172815531353,0.36981836182921274,0.45689426559893775,0.7954449080434774,1.0174795041466964,0.6811992332183354,,,,,-0.6822742373756592,0.993353331795539,1.0830641513817834
418,0.4211076345278703,0.7144579482491047,1.1085893961113382,0.7472005505731907,,,0.289680388791708,1.122922363373663,0.3090239763341615,0.6198527676399017,,-0.07969962216319598,-0.17603820938774856,0.34487518837057,-0.7314179356633574,0.5982369964940408,,-0.4534223462812097,,0.7996930131471034,1.0598628253752835
419,0.947126592850773,1.0648455240014902,0.986892166836947,0.9562572339684925,1.0122959270921759,1.1122565014696368,1.1612932237653126,0.802442700348164,,1.1075467304444604,1.0323195104272924,1.014554814950886,1.041943405737145,1.0618772103191714,1.0157801646616031,1.2314921216045072,0.9986128636211475,,1.081324634290576,1.1034913164896347,1.1708437398535778
420,-0.31376040215288625,0.7997995941866625,0.596931288392064,0.9182130494146297,0.7352906159361905,0.8485519654953289,0.04417701054685069,0.06591172102260534,-0.168641914741763,0.37811827827883177,,0.7284740515913073,0.10658452028663001,-0.3335177330292327,-0.3914110051058193,0.03307822369434277,-0.11502875484142949,0.06283587043818717,1.1583540895635438,1.100127504466867,1.0424764029363922
421,1.1284223359241332,0.9906658312932626,1.0040338862529714,1.015377627614507,1.0727663608770321,0.602717148744573,0.5455555933547287,1.0064072642152542,0.9217705277487052,0.8788601687180009,1.10400071139623,,0.8547867324235665,0.9171101262723931,0.7506777175208236,1.0200236338271054,0.8791933278628632,0.9626320043318164,0.8929186617722318,0.8432012524449486,1.3170689833082034
422,0.19941634329459634,0.526189549233048,,0.554348351246269,0.4390114994173664,0.26012045533664996,0.6805895745297493,0.6935744626661166,0.7852045372385561,-0.014929027934930783,0.4001172813607936,0.7550844984904329,0.7968839262111059,0.7944373685615795,0.6699080325797409,0.8558442159823154,0.5241253073529764,0.7709719882070918,0.3556862921680374,0.4147331109992025,1.1561114506927794
423,0.31680155930632375,0.65839736545248,0.2859823429053949,0.599308253317277,0.3015876088864322,-0.09103787539051256,0.3690404272928981,0.6501275263122505,,0.551354091251439,0.38118789076594684,-0.19981687084950628,-0.24303493806278764,0.3431303352676769,-0.0540507599445304,,,0.11240458216102746,0.6488679590146051,-0.4459313965018852,1.062786036704089
424,,1.0247517221612772,0.8224332148884266,0.4149943476449662,0.8117598462791257,,1.0826103390256072,0.6011929797875956,1.115675928118415,0.932637340804083,0.8901314515022758,0.8511112689282732,0.9761919899530185,0.8588695310754961,1.002031081710633,,,0.42269497597165906,,0.647892069807623,
425,1.049112253802154,0.8653357417041847,1.0279776879624833,0.7824075354509494,0.8532427252069692,0.6031462969634688,0.7531510203859202,1.0932273818264413,0.7691635558576005,-0.6522871064985836,,,0.9008116468741512,0.8703731979247102,0.9490095224736903,0.3624688047161009,1.237581981197934,0.8759379165917964,0.21427381377511145,1.1066108048947998,1.0427202844653976
426,0.40787941990429755,,0.39717966531272036,1.275845724759471,,0.16167296347298363,0.2185813642824445,0.03822606934590389,,0.8976654383371139,0.7437279719496351,0.5776512362088304,0.4415436991351702,-0.01356476656986072,0.0573964604205367,0.14894735782177015,0.6133196120697356,1.138326626044008,1.014072387870831,-0.3022608842664083,0.9841984654765696
427,1.0189227023190846,1.2139957924318874,1.075340472126875,1.0642685835116044,0.8765368940677352,0.8337601824813687,0.9842725697848747,0.9239714748329588,0.9743366189512297,1.0742930311575112,1.0780552147636517,1.1062461015081417,0.745022786178521,0.8431040271734247,0.8238860713872306,,1.016973418510872,1.113890428127041,1.1682946814214428,1.0015580749950603,1.0067978695906195
428,1.106516532608561,,,,,,,0.9866851151697857,,0.8723829086149486,1.037155239624146,,,1.2791518006844962,,0.9526244263316512,,1.6424491251959836,,,
429,0.897679924723769,1.1072119297763694,,0.8678763354245578,,,,0.8553769829487257,,1.1949401453794835,1.0723100952694191,0.7936118515563811,,0.5283648629747961,-0.5864841818192408,-0.0045764847980167,,0.42657163525974773,1.0570918318638234,1.0614931925574889,
430,1.4004706443829522,,0.8415670560870947,1.0868630012079927,,,0.25136136403455567,0.9742830882297795,1.1379837575688003,,,0.8363331990418703,,,,1.2158773927676718,0.9351185284332075,1.0131440540240975,1.241802167105664,,
431,0.8402491428065799,1.202197606204725,1.0705731543485253,1.2038306825218863,0.9687185152495599,1.0735930515919212,1.0607920274255047,0.9774083453562417,1.1244917907964957,1.0464382208456797,1.0122962657653642,1.0363945426769858,0.9495630201257406,1.0795803269314135,1.075485602267164,1.028835226191396,,1.0892983728603052,1.0655366402941642,1.055508938991702,1.1207605573608983
432,1.0573006021104363,1.025933625543433,1.0448759914688894,1.1254858774088026,1.12592201155732,1.1256702511888297,1.1936966049173154,1.0210157401876852,1.0596658600782791,0.8918601523292016,,1.0171187276736613,1.043920252021302,1.0941004846536837,1.1001474866099101,0.9909152473493206,1.0869945241370773,1.0531606413043078,1.102385616578729,1.0990324731464134,0.994283912165963
433,0.9931585063612733,1.3900882768695781,1.0775881409190164,-0.8583844802366918,0.15612314467120864,-0.6437348101245999,1.1512673162708487,1.0652140566836108,1.0757213913167394,-0.10012764953768505,0.8845460079878762,,1.0788571982998907,1.0326027932887776,1.1466582972893302,1.0049835245892844,1.079751042523684,1.0985853087886195,-0.09645103141748146,-0.6554309475383819,0.9959277176753527
434,0.3125454983422622,0.5450697697677716,0.4430639210835393,1.0594406983291365,-0.21123929198661634,-0.8904984104232055,-0.8120962010320647,,,0.06670333193945505,-0.71214925779741,-0.19178564367922857,-0.40024457221455256,0.06625063329765349,0.013318460412765406,-0.21425066482544108,,-0.01795787733506067,-0.20771585272568904,,
435,0.4135504569783346,,,,,,,,,,0.6035040115369288,,,1.1334502050495092,1.1623528457963193,1.3461628795769713,,0.9360501476415624,0.7408192579197392,,
436,,,,,,,,,,,,,,,1.0516209431308399,,,,,,
437,,0.7514640242503148,1.2000679743252558,,,0.5375980747100974,,,,,1.0507124871177855,,0.13423528508929083,0.705107753927073,0.5540238912547782,,,,-0.2840736589679045,,
438,,1.104040202902126,0.9157659915692229,,,,0.40106786156088564,0.3674076932033656,0.4787709805797119,0.19525720071440386,,0.2738199381558664,,,0.39333552734869015,,-0.1809794212815512,,0.3652877741531225,,
439,0.6154025225215538,0.3425410552749687,0.43125192955174607,0.33914516214919366,0.6315696407900746,0.4125552452592203,0.3794919825136675,0.6479625434430732,0.4431213927665582,0.6084664470736464,0.6103166915507778,0.7333063255736014,0.14900812770356767,0.4304522596039803,0.4761737267323658,0.39353343589806017,0.06012919535710118,,0.8616629869421906,1.0853186837917592,1.043139305209076
440,0.021882819354800923,0.8476642860219803,0.30131877393397516,0.9889167380387192,1.3414142063656014,0.569195068358898,-0.1943247739438203,0.7778808501710821,0.5443062676439139,0.7422517232952015,0.9622641684288245,0.6296493522172635,0.7459370883297143,-0.8542673792516549,0.6890697104699743,-0.29700255336408593,-0.08745051780977796,-0.5867181164322149,,1.1427764487802783,1.0510159187343406
441,-0.36579226414271276,0.45272338330810363,,1.1699757415785341,0.9539090861548325,0.3782126523714072,0.7267004238198955,0.8749531491630511,0.6546357603406217,-0.0023992316287121396,0.32190837167398456,0.6111581993223628,0.11866892864770559,0.7736255364679083,-0.04284019858607316,0.6621653397195039,0.4267958101769975,0.43363143129833415,-0.0896263854991245,0.5895604641386155,1.2095184514290123
442,1.004850134645642,1.0239915529459374,1.2796017051125708,1.0156438112276192,1.2451255661135585,0.2514957647357245,1.1244091114223391,-0.05159194077691259,1.5028323001735127,0.562334106175617,0.8565014029218521,0.9267576357231191,0.7135818807599772,0.9551596712964996,0.3798220638329164,,,0.6586298389492368,0.965033509163671,1.0409165937025997,1.0127562223837532
443,-0.2101405980910812,-0.6152769652906519,-0.476218480443649,0.4264255979950472,0.7846082442181934,-0.025227471659043377,-1.3316292102810332,-0.3407315958339622,-0.30538127631686085,0.00397397879096989,,0.0951726206382474,,-1.0506069596502732,-1.1350452701697817,,-0.6117277876399654,-0.37850337976566206,0.2586889575853697,0.46159974870115394,1.0413748029444896
444,-1.265063974585634,-1.4574432904952899,-1.3513160881568833,-0.48661562690373605,-0.7762467061630405,-1.826683977648909,-0.3482828677645873,-0.50292352777461,-1.555919436633813,-0.6426540055347294,-1.3679499851239862,-0.6432609770329982,,-1.2155469160268444,-0.5198416887619057,0.8253122593144523,,-0.48357348857655524,-0.6913201219240321,-1.4648573700167788,1.0142588094236433
445,0.1413154781481532,,0.0663898163295498,-0.10107788784764854,-0.057476701313757095,0.13715720894642247,0.012023965695940442,-0.33750217244957403,0.053896831250917876,-0.03747175437471212,-0.14421820819284337,-0.21661834429658822,0.6681409034904737,0.00788261594279259,0.05857432063552778,-0.29973820003098217,0.3811405380495056,-0.11369320627863633,-0.5317487426530327,-0.09806732082120201,0.9279265498994373
446,,,0.9093998488937651,,,,,,,,,,0.35590350997778786,0.531479076333293,0.602289810917761,,,1.3286328676662118,,1.1181223311063848,
447,1.0551838746178743,1.229337372519472,0.9986396230948138,,-0.7811070365236193,,1.0243524008764493,1.1005664721520143,,1.0881551189955883,1.079292798347132,0.95110034775188,1.120597489489905,0.9806516615251484,1.0403997718725309,,,1.0415987913438083,1.093451728553883,1.1853744694260135,1.3395728495950925
448,,,0.1888001101079414,,,,,,,,-0.39926276736292327,,-0.2834393631307889,0.3832436020020731,,1.0295546764476873,,-0.5456910287458765,0.13394571224263294,,
449,0.5472336763481318,0.9205063234054784,0.8357421336680748,1.0700016576327271,0.9058100141574708,0.9275031306525325,1.0496612552138356,,1.015536376844585,1.1572693679013661,1.2938906256516138,1.0566191340685718,,1.070310770369861,1.1557411820483363,-0.031960472575459226,,0.40194037942321403,1.0685758844375413,1.0080789186114905,1.2959359504894346
450,1.092224334614844,1.061623918869522,1.088710550532332,1.104476777558474,0.9663994360138135,0.49270592313675177,-0.4511746337141005,1.0244294007811867,0.9749238279511454,,0.5418469064009525,0.8162606320865766,1.3357824259369735,1.1033057292800705,1.1230510942018868,1.1680795844531386,,1.049085211628389,0.6933062647499396,1.0470031517764635,1.1500664807614398
451,0.9529935184959482,1.1259651236412795,1.135690957864354,0.9862017170541852,1.0374325637624553,0.4702088890420344,0.360569703126028,1.1291406671313684,0.9852834977186535,1.070932259838066,1.0072390932753241,0.346918992832067,,-0.05996003552727505,0.4648152418089013,,0.5581058853459966,,1.0416680631234663,1.0978678610969195,1.0386847138428916
452,,0.8990252852785758,,,,,,1.1717781220591525,,,,,0.9346539359529509,,,,,,,,
453,1.0027342517848756,1.102580408814309,1.1222152390644042,,,0.7496617982104312,0.9201411653176381,,1.0121371526573748,0.9528470101319271,0.6672507226954851,0.3778286008536432,,0.4917766512640154,0.045922213056462546,1.0638054585386818,1.335164344788861,0.6316676239696815,,1.1708542695209685,
454,0.4842390234744497,1.1205211354596185,1.1006526413316318,0.8950613664691538,1.0315938740970443,0.4702614153672987,0.2740795127346372,0.6863289415572451,0.5205869579521859,0.8895439072862155,0.8092807973127241,0.4193804741716267,0.7219428042290253,,0.47906921811092373,-0.16579391537077545,-0.8633748998223292,0.2294408751597063,0.8678116178737136,1.0466129426195445,0.9538677844167374
455,0.8995116457769796,1.0147771760283948,1.0683552751472551,1.1678133004628535,0.8893236359307573,0.5461176237212017,0.6162435068225316,0.9544425989988183,0.9215442141034751,0.6035593810797693,0.41417407796176475,0.43772380127297744,0.297974805168536,,0.9551511037191758,0.4149173720747286,0.7074894718349317,0.3711602703874928,0.7180702786912359,1.1087001032361752,0.8964445413953401
456,1.364391195162487,0.8735140356735118,0.5100002251747515,0.29326822581627,0.38608534696606583,0.8661434252932769,0.9336446862043293,0.5208495517669381,0.3002809950172114,0.8077829410552697,,0.7794141704055503,0.46313829844261634,1.0960223363618766,0.20269402724081104,,,,0.5097628214609757,0.900074916260807,1.0562452405179843
457,,,1.1640856055688513,,,1.0575413402517524,0.9458227443505172,,1.06321705810536,1.000513121604012,1.1227857894108244,,,0.9813817057423138,1.1608700908167393,0.8209493411507565,,,1.1276628411850873,1.0507424759319504,
458,,,,,0.3863421118501347,,,1.0267704178044215,,0.2714376087156071,0.5893928041675637,0.0542858279815579,0.03407530878528603,,0.42947593709835447,0.3823502344480591,,,,1.1146460510577274,0.953171816808027
459,,,1.4351032986947483,0.7781265722479773,0.6254052884859856,0.1521820986409872,,,0.5732925120984675,1.1589398118789087,,0.08938206204422063,,1.1698353354390283,,,,,,,
460,-0.24168394211451438,0.6270924882434766,0.8982328576731509,0.637727357384661,0.40352606710534966,0.5017431682774001,0.26902094992362385,0.11200216961152497,0.4191696256890448,0.32276472445401294,,0.1555037094046639,0.7433907074240982,0.11746744156063034,0.5209757786955045,0.09361386382629244,0.7338285291203828,-0.4764260151310551,-0.0906807567025242,1.1917375205116902,1.0267990269452412
461,0.3677835236685006,,0.6059680764539892,,,,,,,,,0.3516592598615637,,,0.49072663833394126,,,,,,
462,,,,,,,,,,0.13430698877704295,,,,,,,,,,,
463,0.34663887033224566,0.0734935251901691,,1.014484953885221,,0.7291420325643547,0.6353637669344318,,0.12373645099104809,0.2111258700745543,0.4661819451384098,0.36064791419190634,,0.06451935317276723,-0.2440342866496088,0.43131786845443615,,,0.38332384872646363,1.2098849532539064,1.1839366213266203
464,-0.20348612591743853,,0.251361442644334,0.5672311783000368,0.23168904854737693,-0.044981552551424,0.3487972577691326,0.030761067580655554,,-0.026426553166454037,-0.13588645367991037,0.15823531661510387,0.22291499203532247,0.3090971762999923,,0.2695688117476542,-0.22231348308861087,-0.05364886509468869,-0.1063085355334592,-0.25801799637471823,
465,1.0383372896387872,,0.9529012313225791,1.038242169115634,1.0954730137273874,0.7760279765590705,0.6665760389568687,0.7519436835603694,1.0345349839305882,1.0344221035406522,1.0347903744631437,0.8917443750339942,0.540037995808396,0.4744588438080918,-0.1653425349212166,1.060095847941293,0.8103034772252966,1.0301526000387538,0.88126285864715,,1.0499979506773052
466,,,,,,,,,,,,,,1.1326925213164394,,,,,1.0631161240524083,,
467,0.19982946709056876,0.6808268820993985,0.7646945199796507,0.9254109071365899,0.6081383543361685,0.40884888018402527,0.3705201866266265,0.8000433655755331,0.5402737496886023,0.6641133900806077,0.5482661746086173,0.3599117431957075,0.17800939159157503,0.42866331906700245,0.3250683861168272,0.2620880928982378,,-2.1046119135589727,0.4816276108940271,,1.2776071128585609
468,,,,0.37911452243309907,,-0.3449148621757283,,,,,0.19738435150976866,-0.09521110859531379,,,0.45685333211575463,,,-0.5177324289651012,,,
469,0.5087639529009361,,0.255954311953895,0.8937773354599139,0.1364386818020143,0.3893148182859106,,,0.34634300781985383,0.43345681456689117,0.5766784345451208,0.459381155196942,0.9030553361630765,0.4288473614551585,0.7519033585251217,0.4883349046930971,,0.22380754341869796,0.8514464337054564,1.1549043904801795,1.0444720617184253
470,,0.33935122682988234,0.46962762378561784,-0.10145390012945332,-0.07888978598384838,0.33135512462963257,0.20623651827015926,,0.6078202623770592,-0.4372782529104302,,0.11962048191140001,,0.4514352655133154,,0.22563240239023558,0.2262127806790783,,-0.3260236988978171,0.7170017805684877,0.9261733616958208
471,0.6822374486109656,0.7318246159626896,0.9732413054578206,1.2546169017538493,1.1267729636295276,0.8755676125125331,0.6764161487312791,,0.4885537693401145,0.9345083414424029,0.7034798459511178,0.8610362746573674,0.4208803736973808,0.8688731324643247,1.0746091856945095,0.9706314104591427,1.032025541215841,1.0605074024106662,0.8707627388435215,0.8114666486772206,0.9709265693501616
472,-0.13928450094872125,,,0.7820445433229102,0.9817405021625134,0.07838749127311212,0.06544327790322196,,0.613473859870514,0.665863149446724,0.7045437885371771,0.45731084858302484,0.6419350854638642,-0.45345216206325745,-0.33959763305101154,-0.9053554203914715,,-0.08076818329451363,0.3790668220760843,0.162859126894362,0.7635745922941328
473,,,,,,,,,,,-0.44757691020945234,,,0.20688794526183396,,,,,1.0139023570994008,,
474,,,,,,,,,,,,,,,,,,,,,
475,,,1.0631588698036134,1.0207345865225426,,,,,,,,,0.05293049606117256,,,,0.4741049267014822,,,,
476,,,,,,,,,,1.0908434977318069,,,,,-0.42577556852653375,,,0.40179919451126783,,,
477,0.3123896729978488,0.0674443148126663,-0.16353983453103776,1.0515442360976062,-0.19372502224560145,,-0.2821751026145093,0.06675696699562639,,0.38222590103784393,0.09269235956687846,0.13361367640482727,-0.2050997624095403,-0.25898020321401316,-0.15067125521132307,-0.8523247379935872,-0.2688499119746435,-0.08019184767751286,0.22091953592089414,0.7875367548951647,1.1760568509489704
478,,0.9955705500334662,1.113659661022248,,0.9603275843684158,,0.3258648839204277,0.5839232707296046,,0.41159200945512275,-0.07743394430271455,0.2792854174963406,-0.11695653027960484,0.47812793469034187,,,,0.42100774891160964,1.0190888613998497,,
479,-0.40962048607250057,0.9781504502380798,0.3457979603638994,0.4616402496963266,,0.45564973522813346,0.6397680559315935,0.42902394706375313,0.4299411640552661,0.2499240627789136,0.3003022774823756,-0.36491904221306665,0.2742813340384878,0.6178149645715105,0.35896122377596434,0.3267509688282948,,0.14013883417071654,0.5891863974725279,-0.21071519568683283,0.9971376141896333
480,0.28696705686690993,0.2551663978266564,,0.30304618601006805,0.4986279324614109,0.41137116492283354,0.16753226933131782,0.953758755641553,0.30732721619283637,0.4206130845516374,0.5384039598116245,0.39425130844775036,0.1024915386037969,0.1779048616031842,0.26832390657714117,0.062458007872646604,,-0.22362899443789108,0.5063658891026179,0.8396184426284865,1.1089622402388375
481,0.5634387304876427,0.7569017761566141,0.5688697798480015,0.36330249893326544,0.5204860354528528,0.650458339352299,0.7882420265421359,0.9409955822903759,0.7607733866686003,0.3658045914082083,0.8504375886346085,0.4716314161361639,1.0187594486304647,0.6316154246971477,1.017045911885635,0.7166162776845536,0.8438886031895203,0.5342048553696752,,1.0251557520209147,1.106854792055697
482,0.6979624886686259,0.6754018282976326,0.6287444216347676,0.9428212147845001,0.7647024480665755,0.6022114402048027,0.292152600228291,0.8263506324263735,0.6852519362542269,0.688590248002348,0.9236471486728128,0.7176311861244544,0.6268468518959323,0.23038394998191308,0.6980971714715827,0.3481326845482666,0.4984943226944391,,0.649198287487588,0.9704773937532021,0.9968195646041897
483,-0.04533861263495309,0.21080944811560454,,1.0849010262454288,0.819471207898741,0.3009356504589252,0.41223106987063923,0.05597648509258417,-9.880444170026759e-05,0.5954464120971754,-0.05090960412280782,0.5911899078411312,0.06305183918449425,0.1573671933264325,0.1577516163743869,0.23137606931605187,0.6505300635715566,0.1898733727871544,0.9808041087315249,1.005782391412096,1.1172360900664902
484,0.7831218451983732,0.6108274012479675,1.0406915718827114,0.9199410692842855,0.39213245212783626,0.2613846787278342,,,0.11501603649396833,0.5712470579815708,0.5756893232889665,0.477674973240826,0.3200790283856451,0.13070614431458008,0.5734476914901583,,1.0199615741781083,0.8784505252798058,1.0486098340254377,0.30541192927413136,1.047817086300655
485,0.08446460841966968,0.41401791036411584,0.07147836179862149,0.27983556585204805,0.3466842983407674,0.47683085235557415,0.28769783277675637,0.34739787818625023,0.07814264344765824,0.36895265866138527,0.2970479507862741,0.3020518449968189,0.4193156068418644,0.3544974031560538,0.3692291617450403,,0.5141126771341387,0.3348736289555242,0.33117973720467914,,1.1211752018111985
486,,-0.11458520387514137,-0.2338260712126065,,0.22538130783852994,,0.41067699408008784,,0.16127597661144816,0.014815081251589979,0.17105432379555768,0.0949289705610516,,-0.14141862648041365,0.3399287397045394,,,,0.07007215045163732,-0.2308776480161745,
487,,1.0042912786197282,0.6219787766859227,0.5687555423287338,0.23531175338286114,-0.3633195782913856,0.4953674018816516,0.6690084765209848,,0.45646477564333426,0.9096519930299898,0.5487386060689786,0.143832194486608,0.4534381544583614,0.08641765756028813,0.7800465510487461,0.5943990232057,0.3337544893715141,0.4788889956820436,,
488,0.0013706174020588213,0.24003998525803127,-0.1330149224459264,0.268739583653539,,0.34490623256129044,0.061575002593990846,,,-0.04959389763624511,0.20302693106547112,0.042088078704627274,-2.3146487584070137,,0.12149249938042314,,,-0.09136214597558123,0.8198769126753666,,1.066645888039205
489,,,0.09904243452395056,0.3751935294568171,,0.1698031969579112,0.27851187725515825,0.3081799635956508,,0.2409697873691098,0.46328678370844645,,0.48949211308207724,0.27398630946389635,0.3231413746599992,,,-0.01544349150693497,0.48312570546738404,0.584926559886186,
490,,0.9875181181060269,0.6882303756851225,1.172552092622074,,,0.4254950983834151,,,0.3994939196144578,0.15457815123953164,0.4966729350953718,0.4489131668647628,0.16973856635427653,0.5499454562761366,,,,0.6429497280475052,,
491,0.8011781192202239,0.3763258490033204,0.2790581132432696,1.058959848426421,0.8483266976653105,0.10369533327143257,0.02694060280106997,0.829232264802307,0.4870129407284316,0.4974062491060234,0.34856007066922834,0.1947410004419805,0.2447764102754138,0.5870024566078825,0.412448231731267,0.49198964806124224,0.2854001519069457,0.16825825661311833,0.6493140828591882,,1.113678322612076
492,,0.4522820675996566,,,,,-0.3070849140386119,0.5834865075087468,,,0.25922702626186794,0.19411188038264787,,,0.02191278124393134,-0.24934483120614181,,-0.5644854184837271,0.3137744480716037,0.41306726733629046,1.0087539764930833
493,,,,,,,,,,,,,,,,,,,,,
494,1.066362181568033,0.7312193911371836,1.1620313368684585,,,1.0595022117658324,-0.46309478462718756,,0.35746407996483165,0.4494233743058915,,0.3270967004226524,0.6079550579805151,,0.5969425343531718,-0.04465721080570473,0.2086107674364352,0.6170675700649927,0.43420990697500994,0.9797941821655003,
495,,-0.18708181354339315,0.1659344728426884,0.07008645860981426,0.15453256373068605,0.3670587286280052,0.1453618824284849,-0.1672406239251027,0.23731334547247696,-0.048094333815821844,0.12085269714288993,0.16459624899085784,0.6059897196321026,0.6726250327723134,0.3055160629394458,,1.0957057929008134,1.1433750192569074,0.23303408727738806,1.041702621233337,0.8481003586702487
496,,,-0.6741624446176377,,,,,,,,,,,0.0013545152192081522,-0.03602693163379478,,,-0.07997490694630949,,,
497,,,,,,,,,,,,0.3956843636165598,,,,-0.6267793727510331,,,,0.7793430998357698,
498,0.16442723574903897,,0.9577952443319331,,-0.3305965689811435,,,0.20249487007347183,0.377842649996318,,,0.8301359180931311,0.23154269920989343,0.34255191095290966,0.15245801551852226,,,,,0.6432509140792728,
499,-0.21482384673096888,-0.7210511993717592,-0.006216749481024464,,,,0.8767161676710393,,0.15326867125515464,0.2640739226258146,0.4559932156719779,0.3935186092148546,,0.4517643581860817,0.3204626681563554,,0.1914665165992072,-0.8796851722032084,0.3329786094161399,0.9889623443920521,
500,-0.21018160113243628,0.23227410153492883,0.26251111559132584,-0.169910976293405,0.14731885974857198,0.10897923532010428,0.05765206046738708,0.9611161912650381,,0.3186965228012352,-0.4981700668934467,0.3461547425493247,-0.13440229890596045,0.17942047635541117,0.036183328484131305,-0.5175538990609634,-0.6571644882989147,-0.016438585150316765,0.07887547786369217,0.6476861580970463,1.0601818142541137
501,,,0.866701151227649,0.4752576019860597,0.8315145165931248,,0.45609855942924216,-0.4751856605831033,,-0.061434517069605316,0.2950899194139437,0.4484446650590508,0.323032175841283,-0.12788928243539738,0.027481129329369698,,1.116112079656075,,0.39396402440799294,1.0722017837053628,
502,0.4662054001893894,1.1685279783200182,1.2431248316056143,0.7136901854877489,0.06249180981711312,0.26579569890549193,0.5446923671917354,-0.09144829377062863,0.03400559318428048,0.27153062088908153,0.26748219137682056,0.4106927913997518,1.1807564035206988,0.8002236430215619,0.5275753707604712,0.6929808951592399,,0.5832701205325319,0.3255213609573884,1.1179393357969383,1.041468833043994
503,-0.1235962004656127,,,-0.3992858595546658,0.40559290136545334,0.0071534272082160455,0.20944945904297999,0.16109817363318313,0.38300539036323034,-0.12623321595347403,0.2122962471970502,0.47771187760812805,0.5230655870520018,0.23922418568996265,0.45231160370405815,-0.128554126505248,-0.3211516510467113,-0.14013832805304788,0.18704691960469327,0.6813339858036924,0.9931370891079909
504,0.10288807176935699,,,0.1312086854224801,,-0.8993996892598584,,-0.044364466998787544,,-0.13535139748928904,-0.09809353081729982,,,0.37339035629966033,0.3769329582459494,,0.6495909549888815,-0.0063128182826471535,0.3670547404372619,,
505,-0.18860010432392516,0.07758054012557655,0.24038668583727016,0.4189553450161258,,-0.022822135571712143,-0.2364236089338707,0.20001117763902215,-0.14096698858055345,0.018112327857493615,-0.10329938565201519,-0.004231040101286387,-0.03164516745921944,-0.16596172868136594,0.08215135386790451,-0.11870412606749173,0.08155062725470452,-0.006375902289504021,-0.0363735967567583,0.1735680645341081,1.0490561030258891
506,,-0.9852500775681379,-0.9952597147017708,0.07379235802738485,0.14327806735557286,0.059695065486038174,-0.15287261424074727,-0.38800056895483204,-0.3024825067904583,0.033174322981256776,-0.011351221611187734,0.2464988374334206,-0.5643962404275014,-0.001166799537979879,-0.11996964317453263,-0.28228195445608617,-0.27441270452980293,-0.5900001556059357,0.04327543457296884,,1.094946650696979
507,-0.05902370262551951,,0.03165541125618854,-0.0410861185562017,,-0.8272596816192201,0.2327290605335483,0.4480934902599684,-0.24348367498302126,-0.16103135999334922,0.3557361547146446,-0.10501834234998575,,-0.24760158496973633,0.8478857756738089,,-0.04531855478236124,,0.08081639753035205,-0.24360185402123685,1.0810791889697708
508,-0.45553735420759045,-0.008933210778129697,-0.18594067287938587,0.8312176581269282,,-0.5667179965913387,0.15699573420291996,0.1493681257658333,-0.15203807604109393,0.16302471056603984,0.018853067219272213,0.1660111833510142,-0.09779878042401197,0.11050366605857709,-0.046846763679225994,-0.20838818688613792,-1.1068319666903728,-0.15479697936571113,-0.14841943717960665,-0.43961093824825703,1.1079690718566848
509,0.9612202831342653,1.114720964510598,,0.7837213038817046,1.2144962528354184,1.0467142478277731,1.1254460037226317,1.1060896287677044,1.3134732200620616,1.0140951072280044,1.0509012283750596,1.0567867738751278,0.959991819970107,0.8256531366591462,1.0844205334804045,1.184010335588246,1.0299136064503425,1.2459607138861908,1.077662409192637,1.2646742114555156,0.9106539097140578
510,,0.20539755831300588,0.5624148014668696,,0.3488257005415831,0.5075277206195352,,,0.44043410893457346,,,0.6404131306478753,-0.6062798637031552,0.7942394224493903,0.8433162923803226,,,0.5803110017278559,0.15989090203483547,,
511,-0.9550725387189434,,-0.15654953785485087,-0.6075037639179568,-0.22057171454988744,-1.6726983548403709,,-0.9160315377114028,,0.20538083602185941,,-0.09777458283699358,-0.16980330219230844,,-0.26579560902537425,-0.1920093325879989,-0.6274040081422185,-0.4176525942158109,-0.4299987432004646,-0.6193951931990473,0.7959204000995166
512,-0.17815156390327924,1.0100568003323587,1.0414703511631522,0.9412779419189194,,0.02116444638455725,-0.8025919768813168,-0.2618846569935548,0.6147769910431256,-0.12063609155259086,-0.9388850255579286,-1.2156713639181922,-1.6802667698130853,-0.34154795403291294,-1.7722127009427329,,-2.237982926700866,-0.09902886939467384,0.7500948744674023,-2.32523605100277,1.0293012910080954
513,0.16280694411661764,0.18468767098127284,0.40592102569850846,0.1694222548328484,,0.23711655321217187,-0.6053789615412669,-0.12240041127441803,0.47468108428361,0.11610227351337846,-0.4237876536038485,0.5159908638628261,-0.9909201573291841,0.4513512071458948,-0.20778646243071486,0.34928919459226565,0.07953932918870193,,-0.039537619292139004,-0.6841276718866225,
514,,,-0.5874434687100878,0.719826296805917,,,0.1305887014174375,1.0463346261429507,,0.12589550685330098,0.20441171534211802,0.35107766625447534,0.04536613368852066,0.1648156738104969,0.19137168515742242,,,,0.10969560908636655,,
515,0.38791140702649307,0.7833445224566471,1.0636152571424213,0.9244833744863219,0.899901184847486,0.29782688100828164,0.3595455605320004,0.23917040153809677,0.4853644244874059,0.5387497210244632,0.8367941229540912,0.19246344178491134,0.44895754679254,,0.5050245184714993,0.16621382624422465,0.7812002850689492,0.17010909451666525,0.48136169011611696,1.0114357860350842,1.0984381080637935
516,0.10486143953550181,-0.29748369665995456,0.35320029532149305,0.3873840666346184,,0.0975420994742323,1.2307776414232272,,,0.3740648583042876,0.2864296133931155,0.273301155172606,-0.994321840060453,0.2966388974690652,0.2046104537631448,,,,0.09060495920950368,-0.59431075789519,
517,,,,,,,,,,,,,,,,,,,,,
518,,0.44688139706349717,0.742015250061267,0.1327263432707093,,0.7668156279292205,0.5317877095629635,0.7601196342131287,,0.6169567993489996,0.465953904890912,0.5746372728775122,0.03415288079491742,0.2460467494581242,0.6253533335313815,,0.4291280629679238,-0.2558729364946857,0.6347913640299773,0.5571748801738501,1.2521913923163943
519,,,0.28446453766763735,,0.8624849132363417,,-0.24844961628233386,,0.4767376003119429,0.20089748619331832,1.1847952008203841,-0.08204051852735608,,,0.5013596682844313,0.20330949578061924,0.25494963238433704,0.232052568397274,0.22628592340133308,0.746670156106033,
