,diffsel
_sy,0.252258057543999
_wt,0.2690352136889045
A296R,0.9528475510482111
A296N,1.4379591917160768
A296D,1.014967691103225
A296E,1.0648767972127495
A296G,1.1087968608559442
A296I,1.1304978610058678
A296L,0.9878653604139247
A296F,1.216728945705393
A296S,0.8773512415203186
A296*,1.1244779207720137
A296V,0.9028144840665664
A309S,0.14135431690591646
A314R,0.972928492496892
A314N,1.051257170288053
A314D,1.0332108833940723
A314C,0.7213958297940226
A314E,1.0425186339872266
A314G,-0.2748986910431323
A314H,0.952724412892904
A314I,0.9962072580303727
A314L,1.0021858181278949
A314K,0.9828811294731634
A314M,1.1711067429803197
A314F,1.0333940084768574
A314P,1.0350878188649681
A314S,0.6028838817055615
A314*,1.0838393630273833
A314T,1.0637775589637182
A314Y,1.1312823574903421
A314V,0.9512521883164446
A330R,-0.5800985744617426
A330N,0.4581550473881144
A330D,1.04947507226557
A330Q,-0.41876634142823
A330E,1.458396910277403
A330G,0.6829754540034162
A330H,0.10012513659306466
A330I,0.7448212167541577
A330L,1.086106556618256
A330K,0.009288299729500404
A330M,0.5875658682882037
A330F,0.035496632681450646
A330P,1.0746176676396704
A330S,0.5869891755616072
A330W,-1.3013697366463064
A330Y,-0.44289495034826987
A330V,0.8390484222128092
A370R,1.0104705192806074
A370N,0.7254658247991173
A370D,0.9688219032486205
A370Q,0.5739312581226619
A370E,0.8586967235709921
A370G,0.09945597755389042
A370H,1.0698204411727075
A370I,-0.22502436431052814
A370L,0.11088406570707532
A370K,0.9110424543119586
A370M,0.14544091676195783
A370F,0.9686627255103077
A370P,0.7007376702657369
A370S,0.048801344766424004
A370*,0.967844854720532
A370T,0.688471688838349
A370Y,1.0708738206834771
A370V,-0.26916090100675716
A371R,0.24109631119189667
A371D,-0.3025438933566038
A371C,0.20496944422187327
A371Q,-0.13997532441902155
A371G,0.05146209246671374
A371I,0.29460631723871605
A371L,0.1925678119982836
A371F,0.004385174541934683
A371P,0.7846213064438898
A371S,0.26228232539749424
A371*,1.0657133818685094
A371T,0.055284584921279065
A371W,-0.14725535913079488
A371V,0.15463695182931939
A374R,1.122363956831754
A374N,0.5624716807302026
A374D,1.2793548365934617
A374C,-0.6843203404941691
A374Q,0.7722909775671676
A374G,0.8204617922970107
A374I,0.4112862202325668
A374L,0.21405348803818358
A374K,1.6442373850064296
A374M,0.11949541075401582
A374F,0.613495552919247
A374P,1.0305539339784868
A374S,-0.15976863737502633
A374*,1.2807150816468675
A374T,0.07133882112568116
A374Y,1.204961309193787
A374V,-0.0013397471670309191
A378R,-0.583248109331798
A378N,-0.38464158023203265
A378D,-0.7259762064367048
A378C,-0.13547023585029438
A378G,-0.21958792736509336
A378H,-0.23331295013841474
A378L,-0.6834730477603919
A378K,0.3490340011330031
A378M,-0.6111099035831002
A378P,1.1145517420495175
A378S,-0.17705712671004425
A378T,-0.3831445027998792
A378Y,-0.8855571258645232
A392G,-0.12447876738420774
A392I,0.7665937668760284
A392P,0.8747612822937239
A392V,0.16438319986540445
A393R,1.1509259612779472
A393D,-0.7289408619636002
A393C,0.6396491776032086
A393Q,0.4644407992331868
A393E,-0.04322617404295559
A393G,0.6287923724862792
A393I,0.9744665714417315
A393L,1.03464091306321
A393K,1.1734449358488643
A393F,1.105841924898707
A393P,0.6339496833321274
A393S,0.45408676393909936
A393V,1.0441432461730735
A406R,1.1829441008158157
A406N,1.048445671079342
A406D,0.7212319956880264
A406E,0.9593402943621709
A406G,-0.26862300089380364
A406I,0.9113938182831336
A406L,0.984691495153075
A406K,0.9669926055599176
A406P,1.103355607826549
A406S,0.7047544658113445
A406*,1.1947002183920645
A406T,0.9939442325736534
A406Y,1.0809190786060168
A406V,0.9198263339055688
A411R,1.0609343814078627
A411N,1.5689297309956456
A411D,1.1474012927588335
A411Q,1.2922820609872108
A411E,1.3073331568697426
A411G,1.1513358639729725
A411H,0.6988041878391082
A411I,1.0712429998667132
A411L,1.0099185021491648
A411M,0.963603065204587
A411S,1.081424279747661
A411*,0.9233807753170773
A411T,0.7046298633145776
A411Y,1.1198659471998265
A411V,0.883022444777924
A421R,1.0040338862529714
A421N,1.0064072642152542
A421D,1.015377627614507
A421C,0.602717148744573
A421Q,0.9217705277487052
A421E,1.0727663608770321
A421G,0.8929186617722318
A421H,1.1284223359241332
A421I,0.8547867324235665
A421L,0.9171101262723931
A421K,0.9906658312932626
A421M,0.5455555933547287
A421F,1.0200236338271054
A421P,0.8432012524449486
A421S,0.8788601687180009
A421*,1.3170689833082034
A421T,1.10400071139623
A421W,0.8791933278628632
A421Y,0.9626320043318164
A421V,0.7506777175208236
A425R,1.0279776879624833
A425N,1.0932273818264413
A425D,0.7824075354509494
A425C,0.6031462969634688
A425Q,0.7691635558576005
A425E,0.8532427252069692
A425G,0.21427381377511145
A425H,1.049112253802154
A425I,0.9008116468741512
A425L,0.8703731979247102
A425K,0.8653357417041847
A425M,0.7531510203859202
A425F,0.3624688047161009
A425P,1.1066108048947998
A425S,-0.6522871064985836
A425*,1.0427202844653976
A425W,1.237581981197934
A425Y,0.8759379165917964
A425V,0.9490095224736903
A433R,1.0775881409190164
A433N,1.0652140566836108
A433D,-0.8583844802366918
A433C,-0.6437348101245999
A433Q,1.0757213913167394
A433E,0.15612314467120864
A433G,-0.09645103141748146
A433H,0.9931585063612733
A433I,1.0788571982998907
A433L,1.0326027932887776
A433K,1.3900882768695781
A433M,1.1512673162708487
A433F,1.0049835245892844
A433P,-0.6554309475383819
A433S,-0.10012764953768505
A433*,0.9959277176753527
A433T,0.8845460079878762
A433W,1.079751042523684
A433Y,1.0985853087886195
A433V,1.1466582972893302
A436V,1.0516209431308399
A437R,1.2000679743252558
A437C,0.5375980747100974
A437G,-0.2840736589679045
A437I,0.13423528508929083
A437L,0.705107753927073
A437K,0.7514640242503148
A437T,1.0507124871177855
A437V,0.5540238912547782
R271A,0.40329138198041964
R271D,0.554382801945047
R271Q,0.7159218831412265
R271G,0.31387953694928805
R271K,0.3533575500838456
R271P,0.1660004677273218
R271S,0.5255295260897055
R271T,1.1635304919317362
R271W,-0.03809984330900129
R271Y,0.8510560994694274
R271V,0.43090280888339194
R294A,1.0713639184248034
R294N,0.9977171088917459
R294D,0.6253743217808261
R294C,0.20086124483873347
R294Q,0.5929276221284958
R294E,0.352948253342524
R294G,0.4684879826712977
R294H,0.4580643415595536
R294I,0.09436353916590329
R294L,0.6861813931110778
R294K,0.4669798907961382
R294M,0.5200648780037189
R294F,0.14833507856098002
R294P,0.6450223995865101
R294S,0.4400015476593443
R294*,1.030791326919363
R294T,2.556663441460496
R294W,-0.09604985419699724
R294Y,0.09674274547700717
R294V,0.12580969782229662
R321A,-0.47015141473633637
R321G,0.2599737498283238
R321H,0.0751286249431008
R321L,0.31784384325271453
R321K,0.19189703118934326
R321M,0.04635051697395193
R321F,0.4623217891387056
R321P,0.26275242124862813
R321S,-0.14959400785964072
R321T,0.14959089390875863
R321W,-0.14290309637206045
R321Y,0.2729078011154448
R362A,0.5769035401684488
R362N,0.5484282567596249
R362D,0.675990513333525
R362E,0.8328746026625492
R362G,0.5122842113059444
R362H,0.4559514578453163
R362I,0.4243144951558586
R362L,0.4206510697793718
R362K,0.3139151433771019
R362M,0.35920688438219645
R362P,0.6667601137210593
R362S,0.5491633691821163
R362*,0.959832550680892
R362T,0.7200714893942385
R362W,0.1968807287877827
R362Y,0.05117428009947904
R362V,0.6515309892412687
R382A,0.07931351373629131
R382N,0.10329299553340543
R382D,-0.3546525828684004
R382G,-0.00897821968614343
R382H,-0.02151809134755911
R382I,0.4640824868993579
R382L,0.03565743188085055
R382K,0.38170347765554336
R382M,0.3276822928658845
R382P,1.0460621163993653
R382S,0.3273945415143843
R382T,0.02386393433897327
R382Y,-0.40508260571500543
R382V,-0.1377118382500675
R388N,0.9744032867833399
R388D,1.1020579698554365
R388Q,0.8620768624148503
R388G,1.2166270442129603
R388H,1.1642495211772264
R388I,0.40471950961520864
R388L,1.0217255231051507
R388F,1.0461357260062514
R388P,1.003397470612087
R388S,0.9481153302227396
R388T,1.1196316088270517
R388Y,1.0569128668938108
R388V,0.16441150022370518
R391A,1.0983243760152757
R391N,0.8893692695876996
R391D,1.054819945726257
R391C,1.0749086664598462
R391Q,1.5620561736221976
R391E,1.088750476011599
R391G,1.0924023075139246
R391H,1.2605916690883203
R391I,0.9990448834820784
R391L,1.0851269419999094
R391K,0.9597471082454374
R391F,0.9802458723902667
R391P,1.1401462092285464
R391S,1.1018839209230284
R391*,-0.35673259360536935
R391T,1.2000264393891078
R391Y,1.0995769397478972
R391V,1.1269779484737774
R412A,1.035669184594592
R412N,0.9601956830893705
R412D,1.028412923585839
R412C,1.0927151008943417
R412Q,1.0482696824845994
R412E,1.1240643156438985
R412G,0.9870223119950443
R412H,1.2489640872070096
R412L,0.8954615438172151
R412F,0.9944551019773358
R412P,1.1621769411761327
R412*,1.0963711832767342
R412T,0.6295210567340164
R412W,1.189538364043024
R412Y,1.0367510065048486
R412V,0.9346068954067053
R422A,0.7550844984904329
R422N,0.6935744626661166
R422D,0.554348351246269
R422C,0.26012045533664996
R422Q,0.7852045372385561
R422E,0.4390114994173664
R422G,0.3556862921680374
R422H,0.19941634329459634
R422I,0.7968839262111059
R422L,0.7944373685615795
R422K,0.526189549233048
R422M,0.6805895745297493
R422F,0.8558442159823154
R422P,0.4147331109992025
R422S,-0.014929027934930783
R422*,1.1561114506927794
R422T,0.4001172813607936
R422W,0.5241253073529764
R422Y,0.7709719882070918
R422V,0.6699080325797409
R441A,0.6111581993223628
R441N,0.8749531491630511
R441D,1.1699757415785341
R441C,0.3782126523714072
R441Q,0.6546357603406217
R441E,0.9539090861548325
R441G,-0.0896263854991245
R441H,-0.36579226414271276
R441I,0.11866892864770559
R441L,0.7736255364679083
R441K,0.45272338330810363
R441M,0.7267004238198955
R441F,0.6621653397195039
R441P,0.5895604641386155
R441S,-0.0023992316287121396
R441*,1.2095184514290123
R441T,0.32190837167398456
R441W,0.4267958101769975
R441Y,0.43363143129833415
R441V,-0.04284019858607316
R463A,0.36064791419190634
R463D,1.014484953885221
R463C,0.7291420325643547
R463Q,0.12373645099104809
R463G,0.38332384872646363
R463H,0.34663887033224566
R463L,0.06451935317276723
R463K,0.0734935251901691
R463M,0.6353637669344318
R463F,0.43131786845443615
R463P,1.2098849532539064
R463S,0.2111258700745543
R463*,1.1839366213266203
R463T,0.4661819451384098
R463V,-0.2440342866496088
R472A,0.45731084858302484
R472D,0.7820445433229102
R472C,0.07838749127311212
R472Q,0.613473859870514
R472E,0.9817405021625134
R472G,0.3790668220760843
R472H,-0.13928450094872125
R472I,0.6419350854638642
R472L,-0.45345216206325745
R472M,0.06544327790322196
R472F,-0.9053554203914715
R472P,0.162859126894362
R472S,0.665863149446724
R472*,0.7635745922941328
R472T,0.7045437885371771
R472Y,-0.08076818329451363
R472V,-0.33959763305101154
R480A,0.39425130844775036
R480N,0.953758755641553
R480D,0.30304618601006805
R480C,0.41137116492283354
R480Q,0.30732721619283637
R480E,0.4986279324614109
R480G,0.5063658891026179
R480H,0.28696705686690993
R480I,0.1024915386037969
R480L,0.1779048616031842
R480K,0.2551663978266564
R480M,0.16753226933131782
R480F,0.062458007872646604
R480P,0.8396184426284865
R480S,0.4206130845516374
R480*,1.1089622402388375
R480T,0.5384039598116245
R480Y,-0.22362899443789108
R480V,0.26832390657714117
R483A,0.5911899078411312
R483N,0.05597648509258417
R483D,1.0849010262454288
R483C,0.3009356504589252
R483Q,-9.880444170026759e-05
R483E,0.819471207898741
R483G,0.9808041087315249
R483H,-0.04533861263495309
R483I,0.06305183918449425
R483L,0.1573671933264325
R483K,0.21080944811560454
R483M,0.41223106987063923
R483F,0.23137606931605187
R483P,1.005782391412096
R483S,0.5954464120971754
R483*,1.1172360900664902
R483T,-0.05090960412280782
R483W,0.6505300635715566
R483Y,0.1898733727871544
R483V,0.1577516163743869
R503A,0.47771187760812805
R503N,0.16109817363318313
R503D,-0.3992858595546658
R503C,0.0071534272082160455
R503Q,0.38300539036323034
R503E,0.40559290136545334
R503G,0.18704691960469327
R503H,-0.1235962004656127
R503I,0.5230655870520018
R503L,0.23922418568996265
R503M,0.20944945904297999
R503F,-0.128554126505248
R503P,0.6813339858036924
R503S,-0.12623321595347403
R503*,0.9931370891079909
R503T,0.2122962471970502
R503W,-0.3211516510467113
R503Y,-0.14013832805304788
R503V,0.45231160370405815
R509A,1.0567867738751278
R509N,1.1060896287677044
R509D,0.7837213038817046
R509C,1.0467142478277731
R509Q,1.3134732200620616
R509E,1.2144962528354184
R509G,1.077662409192637
R509H,0.9612202831342653
R509I,0.959991819970107
R509L,0.8256531366591462
R509K,1.114720964510598
R509M,1.1254460037226317
R509F,1.184010335588246
R509P,1.2646742114555156
R509S,1.0140951072280044
R509*,0.9106539097140578
R509T,1.0509012283750596
R509W,1.0299136064503425
R509Y,1.2459607138861908
R509V,1.0844205334804045
N290A,0.2833806739636727
N290R,0.4859973538272552
N290D,-0.1151517036812435
N290C,0.10375767664551178
N290Q,0.3849381438016011
N290E,-0.12800248651328494
N290G,0.3724239181027169
N290H,0.30364047391743404
N290I,0.17405520233143523
N290L,0.11710744685588079
N290K,0.8023105119825078
N290M,0.18875751474057767
N290F,0.594113480131194
N290P,-0.15318199193455906
N290S,0.5292420695012537
N290*,0.9843606369070552
N290T,0.3259856631045985
N290W,0.17569963366723718
N290Y,-0.13624523200583816
N290V,0.3618844225602688
N384A,1.2637421300082705
N384R,-0.48657469596741276
N384D,1.0129375956364535
N384C,-0.0601672052419025
N384Q,0.2268701594506516
N384E,0.8273965977789948
N384G,0.7112969331040083
N384I,0.13209279178800792
N384L,0.0567760188409617
N384M,0.20506938173945397
N384F,0.08294577393203648
N384P,-0.0014716741665635538
N384S,-0.12171572871971226
N384*,0.7378930390773069
N384Y,-0.18770824818601084
N384V,0.6800613490712716
N394A,1.0790403196375924
N394R,1.3917561084348262
N394D,1.246778374541755
N394C,1.0889633562215264
N394Q,0.9067265271066172
N394G,1.1685364667680338
N394H,1.372053881311456
N394I,1.0132283817540504
N394L,1.0654231345874012
N394M,1.4143161298716886
N394F,1.2313503004458475
N394P,1.138526069436059
N394S,1.0731586722030682
N394Y,1.0611202132773283
N394V,1.1039081086358034
N400I,-0.7914111046914979
N417A,0.7954449080434774
N417R,0.6407887473856726
N417C,0.5616108169357439
N417Q,0.4738172815531353
N417E,0.23628195576519084
N417G,-0.6822742373756592
N417H,0.38698976363133253
N417I,1.0174795041466964
N417L,0.6811992332183354
N417K,0.6856228863554088
N417M,0.6543814328221943
N417P,0.993353331795539
N417S,0.36981836182921274
N417*,1.0830641513817834
N417T,0.45689426559893775
N471A,0.8610362746573674
N471R,0.9732413054578206
N471D,1.2546169017538493
N471C,0.8755676125125331
N471Q,0.4885537693401145
N471E,1.1267729636295276
N471G,0.8707627388435215
N471H,0.6822374486109656
N471I,0.4208803736973808
N471L,0.8688731324643247
N471K,0.7318246159626896
N471M,0.6764161487312791
N471F,0.9706314104591427
N471P,0.8114666486772206
N471S,0.9345083414424029
N471*,0.9709265693501616
N471T,0.7034798459511178
N471W,1.032025541215841
N471Y,1.0605074024106662
N471V,1.0746091856945095
D351A,0.2927213782183086
D351R,0.44501285126673684
D351N,0.48169932318013764
D351C,0.21404275045268434
D351Q,0.259249194820993
D351E,0.10354041900797006
D351G,0.3318123382380891
D351H,0.2626743822684827
D351I,0.075576108583777
D351L,0.42390364312494144
D351K,0.5259056973856903
D351M,0.5422840643486921
D351F,-0.03295578253042745
D351P,0.9453784501090978
D351S,0.29917184504309974
D351*,0.9178399566292343
D351T,0.41038579439513384
D351Y,0.8325301850756419
D351V,0.41271863566585465
D368A,-0.22343439594717407
D368R,-0.14152355191722799
D368N,-0.44161776931671226
D368G,-0.07361784239687175
D368H,0.23740123645212097
D368I,-0.2907614117806545
D368L,-0.45832359786937205
D368F,-0.04848650327754167
D368P,-0.518491998053449
D368S,-0.4103614070019128
D368*,1.2457246030269258
D368T,-0.13137854813501737
D368W,0.2259477685975766
D368Y,-0.15331972306203068
D368V,-0.7280523879062004
D389A,1.0803157725909784
D389R,0.9900358570702992
D389N,1.0979261588727676
D389G,1.075835402986205
D389H,0.8465412660753489
D389I,1.7265165310868176
D389L,1.2006909829125156
D389M,1.4146552196806708
D389F,1.1347340419518666
D389P,0.9615160758175474
D389S,1.075848787322921
D389*,0.8469099591878091
D389Y,0.9542762395464135
D389V,1.244130541739692
D407N,1.0363723124602426
D407C,0.9461947142228782
D407E,1.136752829713073
D407G,0.942202258495956
D407H,1.356205617898536
D407I,1.3486629506036074
D407L,1.091404867142108
D407K,0.9406334261099751
D407F,1.0855710944771002
D407S,1.0631429243631119
D407T,1.1684149437755784
D407W,1.1188985653680013
D407Y,0.8574252417320383
D407V,0.9373843407933748
D416I,0.7152518681790438
D416T,0.6045720761747689
D416V,0.8229047599891879
D447A,0.95110034775188
D447R,0.9986396230948138
D447N,1.1005664721520143
D447E,-0.7811070365236193
D447G,1.093451728553883
D447H,1.0551838746178743
D447I,1.120597489489905
D447L,0.9806516615251484
D447K,1.229337372519472
D447M,1.0243524008764493
D447P,1.1853744694260135
D447S,1.0881551189955883
D447*,1.3395728495950925
D447T,1.079292798347132
D447Y,1.0415987913438083
D447V,1.0403997718725309
D476S,1.0908434977318069
D476Y,0.40179919451126783
D476V,-0.42577556852653375
D496R,-0.6741624446176377
D496L,0.0013545152192081522
D496Y,-0.07997490694630949
D496V,-0.03602693163379478
C280A,0.2937095779777474
C280R,1.0321197310477166
C280N,0.7395795763601443
C280D,0.9936803292260583
C280G,0.8710234051160824
C280H,-0.5471118844719336
C280I,1.1377452592272557
C280L,0.9760750266556659
C280K,0.9743598830721383
C280M,1.4837964324442454
C280F,0.4595444405556612
C280P,1.0027083169457571
C280S,0.823367504165214
C280*,1.0816922344207882
C280T,1.0399584752863482
C280Y,-0.07273952311828324
C280V,1.1800617943836311
C403A,-0.07318378704859635
C403R,1.099158622023764
C403Q,0.9909066509431481
C403E,1.2143839929835347
C403G,0.45567807202440724
C403I,0.6739136837550254
C403L,0.4688427746624061
C403K,1.0631121879326189
C403M,0.21014352777683926
C403F,0.6233599931982654
C403S,0.5149200957976159
C403*,1.0481674358634951
C403Y,0.1722309225084585
C403V,0.5506504238384478
C486A,0.0949289705610516
C486R,-0.2338260712126065
C486Q,0.16127597661144816
C486E,0.22538130783852994
C486G,0.07007215045163732
C486L,-0.14141862648041365
C486K,-0.11458520387514137
C486M,0.41067699408008784
C486P,-0.2308776480161745
C486S,0.014815081251589979
C486T,0.17105432379555768
C486V,0.3399287397045394
C490A,0.4966729350953718
C490R,0.6882303756851225
C490D,1.172552092622074
C490G,0.6429497280475052
C490I,0.4489131668647628
C490L,0.16973856635427653
C490K,0.9875181181060269
C490M,0.4254950983834151
C490S,0.3994939196144578
C490T,0.15457815123953164
C490V,0.5499454562761366
C499A,0.3935186092148546
C499R,-0.006216749481024464
C499Q,0.15326867125515464
C499G,0.3329786094161399
C499H,-0.21482384673096888
C499L,0.4517643581860817
C499K,-0.7210511993717592
C499M,0.8767161676710393
C499P,0.9889623443920521
C499S,0.2640739226258146
C499T,0.4559932156719779
C499W,0.1914665165992072
C499Y,-0.8796851722032084
C499V,0.3204626681563554
C501A,0.4484446650590508
C501R,0.866701151227649
C501N,-0.4751856605831033
C501D,0.4752576019860597
C501E,0.8315145165931248
C501G,0.39396402440799294
C501I,0.323032175841283
C501L,-0.12788928243539738
C501M,0.45609855942924216
C501P,1.0722017837053628
C501S,-0.061434517069605316
C501T,0.2950899194139437
C501W,1.116112079656075
C501V,0.027481129329369698
Q278A,0.3993526711682067
Q278R,0.7214419489165088
Q278N,0.8655427747677681
Q278D,0.7743324765804698
Q278C,0.29528667593886015
Q278E,-0.6090498696748021
Q278G,0.8115077177704059
Q278H,0.40898090596686554
Q278I,0.9124288895251451
Q278L,0.9389733796324886
Q278K,0.8841300057674415
Q278M,0.3949276134095939
Q278F,0.4398665401957534
Q278P,0.9863992912142974
Q278S,0.5507513762966777
Q278*,1.2099333550885436
Q278T,0.6876631449910319
Q278Y,0.5862237353043486
Q278V,0.7409620959116334
Q312R,0.3866171953144638
Q312N,0.02264486185338288
Q312D,0.2431371945309237
Q312C,0.5595790730166691
Q312E,0.3656034021615344
Q312G,-0.19600415984939068
Q312H,0.14347677038337375
Q312I,0.6149632574572226
Q312L,0.44536954611135526
Q312K,0.549474060601314
Q312M,-0.1287134779304674
Q312F,-0.4938842139415366
Q312P,1.0391876487312763
Q312S,0.6433320175887822
Q312*,0.9562728335170441
Q312T,0.6428105156766014
Q312W,0.5132366397062269
Q312Y,-0.5553377540556099
Q312V,0.7585433007498619
Q315A,-0.08163182862584895
Q315R,0.7120446079231456
Q315N,-0.39795369656347457
Q315D,-0.4658680032995832
Q315C,0.3653786094301147
Q315E,0.005268589323860928
Q315G,-0.1312102004126404
Q315H,0.17732506989199362
Q315I,0.6305587137460481
Q315L,0.6152251207799563
Q315K,0.6702260471056573
Q315M,0.2433622020452867
Q315F,0.4138539192251698
Q315P,1.1664813858330403
Q315S,0.18953576593225638
Q315T,0.4421327790058608
Q315Y,0.17167684390374396
Q315V,0.7598448367588428
Q327A,0.5489391893972431
Q327R,-0.037993085662291703
Q327N,0.38207511577922043
Q327D,0.22777245472194774
Q327E,0.7263389046209651
Q327G,0.43853664849845586
Q327H,0.12101201145066498
Q327I,0.274460895749007
Q327L,-0.1288500534698737
Q327K,0.1483971842151654
Q327M,0.45965473074902796
Q327F,0.05146181544906978
Q327P,0.07381800933782065
Q327S,-0.02577965776984603
Q327*,1.1928904983847086
Q327T,-0.5518736345568829
Q327Y,0.38612314720027047
Q327V,0.025792488359475424
Q365M,1.229880902990916
Q365S,-0.1432981253180826
Q372A,-0.09552319740845168
Q372G,1.7449279726500153
Q372H,0.28632034104077625
Q372I,0.7058752099175867
Q372L,0.7934012182473531
Q372K,-1.6169374591904067
Q372M,0.28358815233702767
Q372F,0.28932948655982715
Q372P,0.7948517123707104
Q372S,0.3910407325631456
Q372Y,0.37612035241019937
Q372V,0.21940512094254727
Q423A,-0.19981687084950628
Q423R,0.2859823429053949
Q423N,0.6501275263122505
Q423D,0.599308253317277
Q423C,-0.09103787539051256
Q423E,0.3015876088864322
Q423G,0.6488679590146051
Q423H,0.31680155930632375
Q423I,-0.24303493806278764
Q423L,0.3431303352676769
Q423K,0.65839736545248
Q423M,0.3690404272928981
Q423P,-0.4459313965018852
Q423S,0.551354091251439
Q423*,1.062786036704089
Q423T,0.38118789076594684
Q423Y,0.11240458216102746
Q423V,-0.0540507599445304
Q477A,0.13361367640482727
Q477R,-0.16353983453103776
Q477N,0.06675696699562639
Q477D,1.0515442360976062
Q477E,-0.19372502224560145
Q477G,0.22091953592089414
Q477H,0.3123896729978488
Q477I,-0.2050997624095403
Q477L,-0.25898020321401316
Q477K,0.0674443148126663
Q477M,-0.2821751026145093
Q477F,-0.8523247379935872
Q477P,0.7875367548951647
Q477S,0.38222590103784393
Q477*,1.1760568509489704
Q477T,0.09269235956687846
Q477W,-0.2688499119746435
Q477Y,-0.08019184767751286
Q477V,-0.15067125521132307
Q500A,0.3461547425493247
Q500R,0.26251111559132584
Q500N,0.9611161912650381
Q500D,-0.169910976293405
Q500C,0.10897923532010428
Q500E,0.14731885974857198
Q500G,0.07887547786369217
Q500H,-0.21018160113243628
Q500I,-0.13440229890596045
Q500L,0.17942047635541117
Q500K,0.23227410153492883
Q500M,0.05765206046738708
Q500F,-0.5175538990609634
Q500P,0.6476861580970463
Q500S,0.3186965228012352
Q500*,1.0601818142541137
Q500T,-0.4981700668934467
Q500W,-0.6571644882989147
Q500Y,-0.016438585150316765
Q500V,0.036183328484131305
Q516A,0.273301155172606
Q516R,0.35320029532149305
Q516D,0.3873840666346184
Q516C,0.0975420994742323
Q516G,0.09060495920950368
Q516H,0.10486143953550181
Q516I,-0.994321840060453
Q516L,0.2966388974690652
Q516K,-0.29748369665995456
Q516M,1.2307776414232272
Q516P,-0.59431075789519
Q516S,0.3740648583042876
Q516T,0.2864296133931155
Q516V,0.2046104537631448
E273A,0.271879638861233
E273R,0.6415626412787868
E273N,0.3169225190200139
E273D,0.6219427121837913
E273C,0.052292605659336355
E273G,-1.8853696261124484
E273I,-1.687349928576342
E273L,-0.5067244974533092
E273M,-0.7840262438608503
E273P,-0.007340499771891551
E273S,-1.0768328186901877
E273T,0.5681981539197496
E283A,0.9575176124832573
E283D,0.6076702151136284
E283Q,-0.31256479234536116
E283G,0.8931356120772538
E283L,-1.029152875966214
E283K,-0.4650328533791148
E283M,-1.4505533593761348
E283P,1.0558028244873132
E283T,0.00028078345219118006
E283V,0.05177908789767427
E308A,0.07609638115636369
E308R,-0.08366446322607379
E308D,0.7951349587010599
E308C,0.8089434429369027
E308G,0.16886057480320082
E308H,-0.4370634235909596
E308L,0.17079785630745
E308K,0.36971996348476055
E308M,0.31650383145774025
E308F,-0.11003378675541267
E308P,0.5501667170371549
E308S,0.01145693339653725
E308T,0.23666233714124246
E308V,0.22473527621378125
E313A,1.1218227557402534
E313R,1.0384540570511975
E313N,1.0421822971202648
E313D,1.2994793993368567
E313G,1.150380940873168
E313H,0.9627741568320898
E313I,1.3032557911200031
E313L,1.0775547461211166
E313K,1.1948740187032039
E313M,1.1042012697537664
E313F,0.8447974446072755
E313P,1.293130642264755
E313S,1.084190768855314
E313T,1.1127356693521764
E313Y,1.227014897207896
E313V,1.3567692529721431
E323A,-0.29640665473227384
E323R,-1.0739170721384645
E323N,0.17197739208622514
E323D,0.5370266311147015
E323C,-0.06184719627948669
E323G,0.35661288720429163
E323H,-0.69545758313309
E323I,-0.06779635511430152
E323L,-0.144926754472961
E323K,-0.9344430582597516
E323F,-0.19881907112039285
E323P,0.0742248003684885
E323S,0.14647154222124123
E323*,1.1184937113670135
E323T,-0.4372647071890465
E323W,-0.30146418028257477
E323Y,-0.30387604581562855
E323V,-0.044135082802369024
E334A,0.5606359354490545
E334R,0.26639610832736765
E334N,0.6142777103436907
E334C,-0.7874427712206679
E334Q,0.3267236815964139
E334G,0.3971702052825848
E334H,0.30444984286009086
E334I,0.13465640895911335
E334L,0.29583801830259
E334K,0.341220469873425
E334F,-0.9365388470773681
E334P,0.46110156623091053
E334S,0.3483609602233554
E334*,0.9913350386976847
E334T,0.2622248006886548
E334W,0.5764057051845218
E334Y,0.2722766517389541
E334V,0.22084344387089122
E335A,0.07961965523885162
E335R,-0.5233220150526858
E335N,-0.8811211590209527
E335D,0.1724530187041814
E335C,0.14001583829068975
E335G,0.35527830706492636
E335I,0.011164984784185705
E335L,-0.14736892128030687
E335K,-0.847886864379215
E335M,1.7734957241772726
E335P,0.33710578642885736
E335S,-0.44239123768158484
E335*,1.0994649327726234
E335T,-0.3775240178254331
E335V,0.1656437881820415
E342L,0.6942370852141257
E356A,0.03044376941486182
E356R,-0.32656663274574305
E356D,0.378788902331469
E356C,0.13805110419134664
E356Q,0.8246908220624913
E356G,-0.1185480741621131
E356H,-0.11226349261451246
E356I,-0.4193039463312782
E356L,-0.20829609410402605
E356K,-0.1362011099524849
E356M,-0.13983761308285225
E356F,-0.28271022660634904
E356P,0.16993613805759983
E356S,0.06950136628970632
E356*,0.9822651113371672
E356T,-0.1031579143947392
E356W,-0.5513041953938385
E356Y,-0.20853505583744636
E356V,-0.011860492446164161
E381R,-3.0445707741480463
E381G,0.1643896362601751
E381L,-1.95619142671233
E381M,-1.9178695310207794
E381P,0.6243867948896882
E381S,-1.3895281652549571
E381T,-1.355810663674362
E381Y,-2.1239997414345706
E381V,-1.8352537791379273
E399C,-0.03627357962146516
E399H,-1.5234373994913564
E399I,-0.4260455759316255
E399M,0.02292801094183028
E399P,-0.47247049242134553
E399S,-0.07154759607433991
E399T,0.010461198250947379
E399Y,-0.4951268904067322
E399V,-0.07274203538756624
E415R,0.16768206569919014
E415D,0.8080715704153845
E415C,0.2988533374347464
E415Q,0.6003469117086022
E415G,0.46880579438548353
E415H,0.30398628563160013
E415I,-0.13309512001091905
E415L,0.20437634589019493
E415P,0.18283540347818766
E415S,0.5889486519733869
E415Y,0.8222207531415007
E418A,-0.07969962216319598
E418R,1.1085893961113382
E418N,1.122922363373663
E418D,0.7472005505731907
E418Q,0.3090239763341615
E418H,0.4211076345278703
E418I,-0.17603820938774856
E418L,0.34487518837057
E418K,0.7144579482491047
E418M,0.289680388791708
E418F,0.5982369964940408
E418P,0.7996930131471034
E418S,0.6198527676399017
E418*,1.0598628253752835
E418Y,-0.4534223462812097
E418V,-0.7314179356633574
E435G,0.7408192579197392
E435H,0.4135504569783346
E435L,1.1334502050495092
E435F,1.3461628795769713
E435T,0.6035040115369288
E435Y,0.9360501476415624
E435V,1.1623528457963193
E457R,1.1640856055688513
E457C,1.0575413402517524
E457Q,1.06321705810536
E457G,1.1276628411850873
E457L,0.9813817057423138
E457M,0.9458227443505172
E457F,0.8209493411507565
E457P,1.0507424759319504
E457S,1.000513121604012
E457T,1.1227857894108244
E457V,1.1608700908167393
E473G,1.0139023570994008
E473L,0.20688794526183396
E473T,-0.44757691020945234
E479A,-0.36491904221306665
E479R,0.3457979603638994
E479N,0.42902394706375313
E479D,0.4616402496963266
E479C,0.45564973522813346
E479Q,0.4299411640552661
E479G,0.5891863974725279
E479H,-0.40962048607250057
E479I,0.2742813340384878
E479L,0.6178149645715105
E479K,0.9781504502380798
E479M,0.6397680559315935
E479F,0.3267509688282948
E479P,-0.21071519568683283
E479S,0.2499240627789136
E479*,0.9971376141896333
E479T,0.3003022774823756
E479Y,0.14013883417071654
E479V,0.35896122377596434
E489R,0.09904243452395056
E489N,0.3081799635956508
E489D,0.3751935294568171
E489C,0.1698031969579112
E489G,0.48312570546738404
E489I,0.48949211308207724
E489L,0.27398630946389635
E489M,0.27851187725515825
E489P,0.584926559886186
E489S,0.2409697873691098
E489T,0.46328678370844645
E489Y,-0.01544349150693497
E489V,0.3231413746599992
E492A,0.19411188038264787
E492N,0.5834865075087468
E492G,0.3137744480716037
E492K,0.4522820675996566
E492M,-0.3070849140386119
E492F,-0.24934483120614181
E492P,0.41306726733629046
E492*,1.0087539764930833
E492T,0.25922702626186794
E492Y,-0.5644854184837271
E492V,0.02191278124393134
E505A,-0.004231040101286387
E505R,0.24038668583727016
E505N,0.20001117763902215
E505D,0.4189553450161258
E505C,-0.022822135571712143
E505Q,-0.14096698858055345
E505G,-0.0363735967567583
E505H,-0.18860010432392516
E505I,-0.03164516745921944
E505L,-0.16596172868136594
E505K,0.07758054012557655
E505M,-0.2364236089338707
E505F,-0.11870412606749173
E505P,0.1735680645341081
E505S,0.018112327857493615
E505*,1.0490561030258891
E505T,-0.10329938565201519
E505W,0.08155062725470452
E505Y,-0.006375902289504021
E505V,0.08215135386790451
E507A,-0.10501834234998575
E507R,0.03165541125618854
E507N,0.4480934902599684
E507D,-0.0410861185562017
E507C,-0.8272596816192201
E507Q,-0.24348367498302126
E507G,0.08081639753035205
E507H,-0.05902370262551951
E507L,-0.24760158496973633
E507M,0.2327290605335483
E507P,-0.24360185402123685
E507S,-0.16103135999334922
E507*,1.0810791889697708
E507T,0.3557361547146446
E507W,-0.04531855478236124
E507V,0.8478857756738089
E508A,0.1660111833510142
E508R,-0.18594067287938587
E508N,0.1493681257658333
E508D,0.8312176581269282
E508C,-0.5667179965913387
E508Q,-0.15203807604109393
E508G,-0.14841943717960665
E508H,-0.45553735420759045
E508I,-0.09779878042401197
E508L,0.11050366605857709
E508K,-0.008933210778129697
E508M,0.15699573420291996
E508F,-0.20838818688613792
E508P,-0.43961093824825703
E508S,0.16302471056603984
E508*,1.1079690718566848
E508T,0.018853067219272213
E508W,-1.1068319666903728
E508Y,-0.15479697936571113
E508V,-0.046846763679225994
E513A,0.5159908638628261
E513R,0.40592102569850846
E513N,-0.12240041127441803
E513D,0.1694222548328484
E513C,0.23711655321217187
E513Q,0.47468108428361
E513G,-0.039537619292139004
E513H,0.16280694411661764
E513I,-0.9909201573291841
E513L,0.4513512071458948
E513K,0.18468767098127284
E513M,-0.6053789615412669
E513F,0.34928919459226565
E513P,-0.6841276718866225
E513S,0.11610227351337846
E513T,-0.4237876536038485
E513W,0.07953932918870193
E513V,-0.20778646243071486
G277A,1.233060957115866
G277R,1.084143262186798
G277N,0.8379985398009355
G277D,0.8083884287282753
G277Q,1.2840774811277982
G277I,0.9859223161789887
G277L,1.3189510398841724
G277K,1.0081040179062397
G277M,1.073150384421923
G277P,1.879852225413651
G277S,1.0722976880261907
G277*,1.2111854790676198
G277V,1.1712196591093182
G279A,1.2038256380954189
G279R,0.9098382686576998
G279D,1.0437200682061922
G279H,0.9094182127278536
G279I,1.0999054519222047
G279L,1.2162222736598198
G279K,1.29686377288617
G279M,0.970387203018632
G279F,1.0132152067860158
G279P,1.0114617566796753
G279S,1.1570703861800178
G279T,1.1753382107144028
G279W,1.048189888103949
G279Y,1.131651617596194
G279V,1.0413107707343787
G282A,0.9218895147421182
G282R,0.8848972016839987
G282N,1.000546413786661
G282D,1.000854010295551
G282I,1.2126294072971362
G282L,1.016907887018453
G282K,1.097663588420173
G282F,0.9858911004135287
G282P,0.8424865159439905
G282S,0.8851481717906944
G282Y,0.6223886265872103
G282V,1.2041037564787198
G287A,-0.3957510299800233
G287R,1.055250562217797
G287N,1.0172706897416666
G287D,0.7461730539507563
G287C,0.12253936006406446
G287Q,0.6325093919415332
G287E,1.1216784973574188
G287H,0.850511872672064
G287I,1.1368772588978229
G287L,1.118308646590871
G287K,1.0816600045083964
G287M,-0.054818648601607387
G287F,0.18338350174012152
G287P,1.0265672840575548
G287S,-0.8768867461789196
G287*,1.0305465174789146
G287T,0.15047869248505868
G287Y,-0.7970535470286484
G287V,0.901649929688275
G291A,0.5274569119553008
G291R,0.6048785836828232
G291N,0.722259868120219
G291D,0.23691980830288895
G291C,0.05869150304883336
G291Q,0.5872749816180246
G291E,0.5689265108103286
G291H,0.2961867480884466
G291I,1.0711628842364864
G291L,0.6718935751006724
G291K,-0.13277076714620284
G291M,0.4210459848413015
G291F,0.23592031475974506
G291P,0.0028920002228352004
G291S,0.5390121843484903
G291W,0.5988833269304018
G291Y,0.12113807912196628
G291V,0.2910978367256613
G303L,0.005058551386502923
G347A,0.5261193035096383
G347R,0.10645496535063252
G347N,0.4574229189571375
G347D,0.5429588619630794
G347C,0.4155250251602797
G347Q,0.697831666351117
G347E,0.8088257902129585
G347I,0.8826109134714726
G347L,0.3312726748811272
G347K,0.15902534727030113
G347M,0.751307903376811
G347F,0.9849978195025606
G347P,1.043244130498215
G347S,0.17083085017767968
G347*,1.0393696808417288
G347T,0.8369031073611028
G347W,0.9751545312197396
G347Y,0.9654944890312842
G347V,1.056658307079432
G355A,0.34109701278702564
G355R,-0.14827269605609042
G355N,0.45686273578276765
G355D,0.7235894752883204
G355C,0.273628723762686
G355Q,0.44409849986103805
G355E,-0.025846178781012967
G355H,-0.0795204589377631
G355I,0.1860695039694731
G355L,0.18412073154085065
G355K,-0.015181556466947722
G355M,0.8160566479053024
G355F,0.12215733792396302
G355P,0.025026168054110176
G355S,0.23829193142496666
G355*,1.124801122735388
G355T,0.216467139574618
G355W,0.08672150303199816
G355Y,0.8143891671542169
G355V,0.33477409276234454
G358W,-0.06776803241274534
G358V,0.431475575704812
G376R,1.1524707668035994
G376D,1.1869685063242712
G376Q,0.9801260665796787
G376E,1.0986578270569771
G376L,1.0843133911525198
G376K,1.098902425750766
G376F,1.197995806474519
G376P,1.1266301164203172
G376S,0.6903025219408468
G376*,0.9520028930237772
G376T,1.0503694013276732
G376W,1.14756681679359
G376V,1.1295825770643144
G398A,0.47689011114036467
G398R,-0.6169726738436107
G398N,-1.1931706413946257
G398D,-0.15651032456890424
G398E,0.32785961390618834
G398H,-0.22449751294035336
G398I,0.6581868826655356
G398L,0.18172496039056862
G398M,-0.08334587408775249
G398F,0.71723254314528
G398P,0.4700013751906712
G398S,0.01616026097157297
G398*,1.025430854605359
G398T,0.21822138307312816
G398W,1.2228255393396836
G398Y,0.5084386719680944
G398V,0.5924089389406155
G409A,1.158441131887118
G409R,1.04291950201726
G409N,1.1461328975848033
G409D,1.0278510564578303
G409Q,1.0901836599979573
G409E,1.1186235469238515
G409H,1.117011415988031
G409I,1.2458925171662787
G409L,1.1767729500639779
G409K,1.490887495772127
G409M,1.2047763592461298
G409F,1.2413368743892803
G409P,1.211272977138314
G409S,1.0400365948376233
G409*,1.177353653545446
G409T,1.030446003925443
G409W,1.1918946990629644
G409V,0.880472550140764
G424A,0.8511112689282732
G424R,0.8224332148884266
G424N,0.6011929797875956
G424D,0.4149943476449662
G424Q,1.115675928118415
G424E,0.8117598462791257
G424I,0.9761919899530185
G424L,0.8588695310754961
G424K,1.0247517221612772
G424M,1.0826103390256072
G424P,0.647892069807623
G424S,0.932637340804083
G424T,0.8901314515022758
G424Y,0.42269497597165906
G424V,1.002031081710633
G440A,0.6296493522172635
G440R,0.30131877393397516
G440N,0.7778808501710821
G440D,0.9889167380387192
G440C,0.569195068358898
G440Q,0.5443062676439139
G440E,1.3414142063656014
G440H,0.021882819354800923
G440I,0.7459370883297143
G440L,-0.8542673792516549
G440K,0.8476642860219803
G440M,-0.1943247739438203
G440F,-0.29700255336408593
G440P,1.1427764487802783
G440S,0.7422517232952015
G440*,1.0510159187343406
G440T,0.9622641684288245
G440W,-0.08745051780977796
G440Y,-0.5867181164322149
G440V,0.6890697104699743
G452N,1.1717781220591525
G452I,0.9346539359529509
G452K,0.8990252852785758
G462S,0.13430698877704295
G468A,-0.09521110859531379
G468D,0.37911452243309907
G468C,-0.3449148621757283
G468T,0.19738435150976866
G468Y,-0.5177324289651012
G468V,0.45685333211575463
G481A,0.4716314161361639
G481R,0.5688697798480015
G481N,0.9409955822903759
G481D,0.36330249893326544
G481C,0.650458339352299
G481Q,0.7607733866686003
G481E,0.5204860354528528
G481H,0.5634387304876427
G481I,1.0187594486304647
G481L,0.6316154246971477
G481K,0.7569017761566141
G481M,0.7882420265421359
G481F,0.7166162776845536
G481P,1.0251557520209147
G481S,0.3658045914082083
G481*,1.106854792055697
G481T,0.8504375886346085
G481W,0.8438886031895203
G481Y,0.5342048553696752
G481V,1.017045911885635
H322I,0.8934633614606726
H387A,1.0915458177412412
H387R,1.039504891797875
H387C,1.0247895426181668
H387Q,0.8293980482061445
H387G,1.3804591183998205
H387L,0.9994171867171766
H387M,1.2341317244777221
H387F,0.9115724799026379
H387T,1.144218393873094
H387Y,0.9700973194064895
H387V,1.1498183153906416
H495A,0.16459624899085784
H495R,0.1659344728426884
H495N,-0.1672406239251027
H495D,0.07008645860981426
H495C,0.3670587286280052
H495Q,0.23731334547247696
H495E,0.15453256373068605
H495G,0.23303408727738806
H495I,0.6059897196321026
H495L,0.6726250327723134
H495K,-0.18708181354339315
H495M,0.1453618824284849
H495P,1.041702621233337
H495S,-0.048094333815821844
H495*,0.8481003586702487
H495T,0.12085269714288993
H495W,1.0957057929008134
H495Y,1.1433750192569074
H495V,0.3055160629394458
I297R,0.9060317854163555
I297N,1.029734498672668
I297D,1.2251525266613137
I297C,1.0186034599207492
I297G,-0.2688127123463128
I297H,1.1716457402978036
I297L,0.33135730538877406
I297F,0.2342997200594298
I297P,1.084693014673353
I297S,-0.39981528270876404
I297*,0.9749440744683557
I297T,0.03674802524621368
I297Y,-0.06936857174178065
I297V,0.3851996239774792
I337N,0.20513903151117102
I337Q,1.5886819949461548
I337G,0.7833594881157333
I337K,0.9257481521684334
I337M,0.2647345763529806
I337P,0.5382747287466931
I337S,0.8002791605817923
I337V,0.7638868015988753
I339A,1.1397877025538627
I339R,1.0785140340424006
I339N,1.0287975191791598
I339D,1.099732142935199
I339C,0.8852452022777593
I339Q,1.1416366981614372
I339E,1.1175960889035021
I339G,0.9898541113755495
I339H,0.20515276428884655
I339L,0.4019684812171134
I339K,1.2047303842884662
I339M,1.0053239797984717
I339F,1.0074847850941389
I339P,1.2063574690999108
I339S,1.0811602150161208
I339*,1.1022514596725925
I339T,1.1026989059165757
I339W,1.2500140754355638
I339Y,1.0411553364537751
I339V,0.6472152517859593
I373A,0.8597008604492629
I373R,1.1598057491804972
I373D,1.1260699701247825
I373C,0.25889582473768846
I373E,0.9247251691098524
I373G,0.6244237313534573
I373L,0.8363614395038799
I373K,1.24148583456665
I373P,1.069197766800737
I373S,0.004723548748781725
I373V,0.4443528771858084
I395R,1.0130458338903348
I395D,1.0009740940389629
I395C,-0.46012273989871133
I395L,0.9352903035459206
I395M,0.28033671577532826
I395F,1.1034750699359817
I395S,0.7729268860133929
I395*,1.0588776974714913
I395W,0.9190624228275004
I395Y,1.1186132110981917
I395V,0.45586636332334707
I414R,0.8092873490269674
I414S,1.0241258395073736
I414V,0.9017388322828092
I429A,0.7936118515563811
I429N,0.8553769829487257
I429D,0.8678763354245578
I429G,1.0570918318638234
I429H,0.897679924723769
I429L,0.5283648629747961
I429K,1.1072119297763694
I429F,-0.0045764847980167
I429P,1.0614931925574889
I429S,1.1949401453794835
I429T,1.0723100952694191
I429Y,0.42657163525974773
I429V,-0.5864841818192408
I444A,-0.6432609770329982
I444R,-1.3513160881568833
I444N,-0.50292352777461
I444D,-0.48661562690373605
I444C,-1.826683977648909
I444Q,-1.555919436633813
I444E,-0.7762467061630405
I444G,-0.6913201219240321
I444H,-1.265063974585634
I444L,-1.2155469160268444
I444K,-1.4574432904952899
I444M,-0.3482828677645873
I444F,0.8253122593144523
I444P,-1.4648573700167788
I444S,-0.6426540055347294
I444*,1.0142588094236433
I444T,-1.3679499851239862
I444Y,-0.48357348857655524
I444V,-0.5198416887619057
I453A,0.3778286008536432
I453R,1.1222152390644042
I453C,0.7496617982104312
I453Q,1.0121371526573748
I453H,1.0027342517848756
I453L,0.4917766512640154
I453K,1.102580408814309
I453M,0.9201411653176381
I453F,1.0638054585386818
I453P,1.1708542695209685
I453S,0.9528470101319271
I453T,0.6672507226954851
I453W,1.335164344788861
I453Y,0.6316676239696815
I453V,0.045922213056462546
L270E,1.2048387170031687
L270G,0.8823542738973225
L270F,0.9224901136380701
L270T,0.8416530997236317
L270V,-0.17374603902756336
L276R,1.4704078440741168
L276D,-0.3975111279425529
L276E,0.5474970791880791
L276G,0.027679513710600956
L276F,-0.1201513780778547
L276*,1.075617215363239
L276T,-0.7840550191756313
L276Y,0.6569620950947408
L300A,0.4311504125365032
L300R,0.29216117398893005
L300N,0.9600810664582027
L300D,0.15703554282542764
L300C,0.6728632410386326
L300Q,0.7651796784876271
L300E,0.26078548102005134
L300G,0.6861623727140521
L300H,0.7312500768498512
L300I,0.9889772058714996
L300K,0.41210355422336453
L300M,0.4437709886590152
L300F,1.0631127226567965
L300P,-0.23811634752356392
L300S,0.5011533624298277
L300*,1.0055359237470758
L300T,0.497032739800254
L300W,1.058712515623222
L300Y,0.9124719947221991
L300V,0.8179406387258625
L311A,0.7967075407917668
L311R,1.1464076942078143
L311N,0.9203767237516185
L311D,0.7639455890359448
L311E,0.8388281032334293
L311G,0.9635660520278908
L311I,0.5997978703923666
L311K,0.8945778436816274
L311M,0.7839506160017373
L311F,0.5911588126071217
L311P,1.1568814446506883
L311S,0.9475401199613547
L311T,0.8834499835750287
L311W,0.17121972902234756
L311Y,0.3167898438353266
L320A,1.0640166504363966
L320R,1.102514547317261
L320N,0.7670137147414355
L320D,1.1202140600244013
L320C,0.6909714737771493
L320Q,1.1327748345345727
L320E,1.0177301600817064
L320G,1.0512404657257548
L320H,1.2186534263741444
L320I,0.8594631281856306
L320K,0.9750184866762379
L320M,0.6945925763455316
L320F,0.6676961195419532
L320P,1.1224968670718543
L320S,1.0460143374941786
L320*,0.8976760900395329
L320T,0.8512398311601375
L320W,1.0240120098676437
L320Y,1.0301016610624951
L320V,0.7723931721151167
L325A,-0.5792104040797819
L325R,1.0331285935251338
L325N,0.11195720589107638
L325D,1.0016278725360246
L325C,-0.612463552036036
L325Q,1.060998868486025
L325E,1.1491016679446575
L325G,0.9146702608445114
L325H,0.45181371063150444
L325I,0.28958549432325
L325K,0.37032981146521216
L325M,0.13438738704903427
L325F,0.6642613913682689
L325P,0.838029207243002
L325S,-0.34681371260879434
L325*,1.1774081369728489
L325T,-0.824143864171281
L325Y,1.1111023389531864
L325V,0.034682452200451075
L328N,0.9939014247498901
L328H,1.0893869644126193
L328I,1.202406942978851
L328M,0.908439955906087
L328F,0.8809687729144571
L328P,1.0081529468998025
L328Y,0.7986482455905257
L328V,0.9978352658116958
L349A,-0.6257394169437623
L349R,1.0495735845086538
L349N,0.8059345939325346
L349D,1.0275530594860232
L349C,-0.04924896721744265
L349G,-0.6015621710666903
L349H,1.070893239321115
L349I,-0.49286060220193284
L349K,1.191920503019551
L349M,0.07295755798039802
L349F,0.1879941943991597
L349P,0.9290220057636562
L349S,-0.07931176410801447
L349*,1.0355663730783093
L349T,-0.0010230201606164571
L349W,0.449771461642159
L349Y,0.11012242767786351
L349V,-0.04060720492978587
L350A,-0.7291143021561723
L350R,-0.31096770654718253
L350N,-0.27118839354119306
L350D,-0.5833868773220725
L350Q,0.283825876609166
L350G,0.20556022402219742
L350I,0.21909641560242338
L350M,0.023931693235797857
L350F,-0.12183235350026367
L350P,0.7232675122303389
L350S,-0.5878526361016796
L350T,-0.15569595624242916
L350Y,-0.26878276986892025
L350V,-0.6855134425782291
L353A,0.05722212941970215
L353R,0.9139484250867349
L353N,0.9255660313614271
L353D,1.2240262907375
L353C,-0.28409280093904554
L353Q,0.3489892837047641
L353E,0.7895503029566087
L353G,0.9571375295989901
L353H,1.0228255088180354
L353I,0.3591874085940324
L353K,1.050180464515949
L353F,0.36097853755077386
L353P,1.185165622135603
L353S,-0.15591030756816485
L353*,1.1142719518628226
L353T,0.5090327943943292
L353W,0.3808752845296378
L353Y,0.47599547504084794
L353V,-0.08972452101506384
L361A,0.1717175977328228
L361R,0.11392075668310955
L361E,0.01587235706043473
L361G,0.27981676107088227
L361H,0.1821799849897514
L361I,-0.23801406314479306
L361M,-0.3722139081295498
L361F,-0.057727490751871335
L361P,0.4685569969197642
L361S,-0.2779169512375124
L361T,0.10812432612160815
L361Y,0.12597626420374872
L363A,0.3282963726217399
L363R,0.2234621414335256
L363N,0.4758487522731738
L363D,0.6615245528519892
L363C,0.3613694864014947
L363Q,0.551823094454109
L363E,0.6984257453675136
L363G,0.5806106545999637
L363H,1.2743970290899465
L363I,0.5058039797261996
L363K,0.5779671102894032
L363M,0.7320941405576722
L363F,0.4754803471306611
L363P,0.6017927448577379
L363S,0.5766736860927046
L363T,0.6045660295149059
L363Y,0.6868499408922495
L363V,0.5455190883838981
L366E,0.4201922713830023
L366M,-0.01703482732578504
L366S,0.9565337559867481
L366T,0.19815901026301846
L366V,0.17044863304174168
L390K,1.1537616847025298
L390S,0.8735267789821566
L396A,1.0110167042975915
L396D,1.1174424001604966
L396Q,1.0468763605946465
L396E,1.1078517352030448
L396I,0.32828922153839857
L396K,0.7417564869987769
L396P,1.067242067146492
L396S,1.1113898735291219
L396T,0.5839669578665195
L396V,0.24775507842375072
L401R,-0.37308460983080594
L401C,1.0558247953609572
L401Q,0.3179256155908502
L401E,-0.31585024262773104
L401G,0.4652196905675934
L401I,-0.06846368826165
L401S,0.5380782488038002
L401V,0.2842694537084321
L410A,1.1425908568859657
L410R,1.0060418988941637
L410Q,1.0104115545791355
L410E,1.0228125897866338
L410G,1.3941795497907097
L410I,1.0495583218121531
L410K,0.8220155778924585
L410M,0.6895069291169004
L410P,1.1266901253201353
L410S,1.00627656796029
L410*,0.9544643041402563
L410Y,0.9763853186290989
L410V,1.1409052326389095
L413R,0.28597299987502
L413N,0.8460879799406965
L413D,0.7801716980606015
L413C,0.29156715548324674
L413Q,0.2782985827274076
L413G,-0.20096157635833184
L413H,0.08858793961537859
L413I,0.6058495077175686
L413K,-0.1475376937832027
L413M,0.4403408862085795
L413F,0.6884505297300868
L413P,0.2049641069547099
L413S,0.047230826369843215
L413T,0.554890394002524
L413Y,0.5163227649415327
L413V,0.3408042895886202
L438A,0.2738199381558664
L438R,0.9157659915692229
L438N,0.3674076932033656
L438Q,0.4787709805797119
L438G,0.3652877741531225
L438K,1.104040202902126
L438M,0.40106786156088564
L438S,0.19525720071440386
L438W,-0.1809794212815512
L438V,0.39333552734869015
L454A,0.4193804741716267
L454R,1.1006526413316318
L454N,0.6863289415572451
L454D,0.8950613664691538
L454C,0.4702614153672987
L454Q,0.5205869579521859
L454E,1.0315938740970443
L454G,0.8678116178737136
L454H,0.4842390234744497
L454I,0.7219428042290253
L454K,1.1205211354596185
L454M,0.2740795127346372
L454F,-0.16579391537077545
L454P,1.0466129426195445
L454S,0.8895439072862155
L454*,0.9538677844167374
L454T,0.8092807973127241
L454W,-0.8633748998223292
L454Y,0.2294408751597063
L454V,0.47906921811092373
L455A,0.43772380127297744
L455R,1.0683552751472551
L455N,0.9544425989988183
L455D,1.1678133004628535
L455C,0.5461176237212017
L455Q,0.9215442141034751
L455E,0.8893236359307573
L455G,0.7180702786912359
L455H,0.8995116457769796
L455I,0.297974805168536
L455K,1.0147771760283948
L455M,0.6162435068225316
L455F,0.4149173720747286
L455P,1.1087001032361752
L455S,0.6035593810797693
L455*,0.8964445413953401
L455T,0.41417407796176475
L455W,0.7074894718349317
L455Y,0.3711602703874928
L455V,0.9551511037191758
L458A,0.0542858279815579
L458N,1.0267704178044215
L458E,0.3863421118501347
L458I,0.03407530878528603
L458F,0.3823502344480591
L458P,1.1146460510577274
L458S,0.2714376087156071
L458*,0.953171816808027
L458T,0.5893928041675637
L458V,0.42947593709835447
L475R,1.0631588698036134
L475D,1.0207345865225426
L475I,0.05293049606117256
L475W,0.4741049267014822
L494A,0.3270967004226524
L494R,1.1620313368684585
L494C,1.0595022117658324
L494Q,0.35746407996483165
L494G,0.43420990697500994
L494H,1.066362181568033
L494I,0.6079550579805151
L494K,0.7312193911371836
L494M,-0.46309478462718756
L494F,-0.04465721080570473
L494P,0.9797941821655003
L494S,0.4494233743058915
L494W,0.2086107674364352
L494Y,0.6170675700649927
L494V,0.5969425343531718
L497A,0.3956843636165598
L497F,-0.6267793727510331
L497P,0.7793430998357698
L515A,0.19246344178491134
L515R,1.0636152571424213
L515N,0.23917040153809677
L515D,0.9244833744863219
L515C,0.29782688100828164
L515Q,0.4853644244874059
L515E,0.899901184847486
L515G,0.48136169011611696
L515H,0.38791140702649307
L515I,0.44895754679254
L515K,0.7833445224566471
L515M,0.3595455605320004
L515F,0.16621382624422465
L515P,1.0114357860350842
L515S,0.5387497210244632
L515*,1.0984381080637935
L515T,0.8367941229540912
L515W,0.7812002850689492
L515Y,0.17010909451666525
L515V,0.5050245184714993
L519A,-0.08204051852735608
L519R,0.28446453766763735
L519Q,0.4767376003119429
L519E,0.8624849132363417
L519G,0.22628592340133308
L519M,-0.24844961628233386
L519F,0.20330949578061924
L519P,0.746670156106033
L519S,0.20089748619331832
L519T,1.1847952008203841
L519W,0.25494963238433704
L519Y,0.232052568397274
L519V,0.5013596682844313
K275A,-1.0211616000531183
K275N,0.06394106967900201
K275D,-0.23250719071819753
K275C,0.7156492235771009
K275Q,0.24493634656933794
K275G,0.16794449900227448
K275H,-0.008175844694163104
K275I,-0.5457329275474703
K275L,-0.35281119979701503
K275M,-0.1522899998629721
K275S,0.1317518590327883
K275Y,-0.3108034616942852
K275V,-0.35123975443501987
K298A,0.9959304549343371
K298R,1.0328333050971368
K298Q,1.1019966096199276
K298E,1.365509571529144
K298G,1.0758615241499858
K298H,0.9803972963205128
K298I,0.7908312265585382
K298L,1.0160828706187393
K298M,1.091292449705596
K298F,1.0713525417353171
K298P,1.1945594707981981
K298S,1.0753454423097126
K298*,0.9550258819566235
K298V,1.2079988911024375
K301A,1.0811002965495122
K301R,0.4742046538270856
K301N,0.9846867755796604
K301D,1.0864084597381265
K301C,0.8375181401724847
K301Q,0.7522763151848255
K301E,1.0799310558109598
K301G,0.9839951354780809
K301H,1.095822519272814
K301I,-1.0591214537021427
K301L,0.5594833226210736
K301M,0.6306557578006373
K301F,1.1424118246796175
K301P,1.0071298541430351
K301S,0.922096017586733
K301*,1.0427346127599462
K301T,0.9310565598018017
K301W,1.011825181506149
K301Y,1.051455792853326
K301V,0.29894013144500103
K318A,0.7048322275386761
K318R,1.1875858295345214
K318N,0.951593216845706
K318D,0.7612547074630822
K318C,0.8194866592359926
K318Q,0.3828772639220063
K318E,0.6278583131574892
K318G,0.5929061904039046
K318H,0.9078690108798773
K318I,0.8574092902465953
K318L,1.00813844933527
K318M,0.35308397737792596
K318F,0.8656917362365006
K318P,0.9962709017890643
K318S,0.5675864974621445
K318*,1.0288946764600688
K318T,0.5689409984706663
K318W,0.8467487878473707
K318Y,0.9159305739152179
K318V,0.8941327244009887
K319A,0.21444460326787657
K319R,0.1346252488147233
K319N,0.3228951357074523
K319D,-0.011089103141598167
K319C,0.1426372825570844
K319Q,0.15137619498803828
K319E,-0.4368926706407531
K319G,0.5356631960737082
K319H,-0.1325924728366255
K319I,-0.39418106992532037
K319L,-0.04522177312026002
K319M,-0.19469977385053328
K319S,0.23776920802607848
K319T,0.18564599639609897
K319W,0.6097404350676704
K319Y,-0.21582576067599313
K319V,-0.15597807945301384
K324A,0.2378077047690218
K324R,0.38900438785107294
K324C,0.3423114339018867
K324Q,0.1368701754248233
K324G,0.27660269148192607
K324H,-0.29080005113195884
K324I,0.4785924049401581
K324M,0.26792217284415953
K324P,0.6150913392822945
K324S,0.8814528455259389
K324T,0.17383970078663513
K324Y,0.22076280073146054
K324V,0.502336028731043
K346A,0.19823224681244123
K346R,-0.13033070878783803
K346D,0.2650836343456676
K346C,0.5076964142661704
K346Q,0.4272201276105232
K346G,0.6366470591081943
K346H,0.46401794632010146
K346I,-0.23467073212543882
K346L,0.11051848964641722
K346M,0.4252225642839399
K346F,0.3633572114342417
K346P,-0.4926684636887113
K346S,0.1578209979685647
K346T,0.7509726340009446
K346W,0.19628991609473462
K346Y,0.15217844002898503
K346V,0.2389201460440244
K354A,0.4651871053179104
K354R,0.07527688375106967
K354N,0.31045179402457423
K354D,0.029177441685290444
K354C,0.13723794508676937
K354Q,0.1859768641396833
K354E,0.03426877861408195
K354G,0.2101148668041328
K354H,-0.0047833169133914
K354I,-0.3753188150158102
K354L,0.27115612623645874
K354M,-0.024175173768017505
K354F,-0.251057435613889
K354P,0.3086412203780384
K354S,0.4935718593056464
K354*,0.8893391476852925
K354T,0.0396410892026966
K354W,-0.212077733734084
K354Y,-0.2007496774957634
K354V,-0.0003228794148399383
K359H,0.053986682613014036
K359F,-0.27713618958443775
K404R,-0.32247106936275294
K404N,-1.9234622557873062
K404D,0.9638506572585068
K404Q,-0.3918218575589877
K404E,0.17814773654770144
K404G,0.9351927513692846
K404H,-0.31502545129139947
K404I,0.06438406562192661
K404L,-0.09404061624824356
K404M,0.2020711074105655
K404P,0.9254397361496935
K404S,-0.4052078127527183
K404T,-0.5633766640711545
K404Y,0.26016566065746927
K426A,0.5776512362088304
K426R,0.39717966531272036
K426N,0.03822606934590389
K426D,1.275845724759471
K426C,0.16167296347298363
K426G,1.014072387870831
K426H,0.40787941990429755
K426I,0.4415436991351702
K426L,-0.01356476656986072
K426M,0.2185813642824445
K426F,0.14894735782177015
K426P,-0.3022608842664083
K426S,0.8976654383371139
K426*,0.9841984654765696
K426T,0.7437279719496351
K426W,0.6133196120697356
K426Y,1.138326626044008
K426V,0.0573964604205367
K430A,0.8363331990418703
K430R,0.8415670560870947
K430N,0.9742830882297795
K430D,1.0868630012079927
K430Q,1.1379837575688003
K430G,1.241802167105664
K430H,1.4004706443829522
K430M,0.25136136403455567
K430F,1.2158773927676718
K430W,0.9351185284332075
K430Y,1.0131440540240975
K445A,-0.21661834429658822
K445R,0.0663898163295498
K445N,-0.33750217244957403
K445D,-0.10107788784764854
K445C,0.13715720894642247
K445Q,0.053896831250917876
K445E,-0.057476701313757095
K445G,-0.5317487426530327
K445H,0.1413154781481532
K445I,0.6681409034904737
K445L,0.00788261594279259
K445M,0.012023965695940442
K445F,-0.29973820003098217
K445P,-0.09806732082120201
K445S,-0.03747175437471212
K445*,0.9279265498994373
K445T,-0.14421820819284337
K445W,0.3811405380495056
K445Y,-0.11369320627863633
K445V,0.05857432063552778
K461A,0.3516592598615637
K461R,0.6059680764539892
K461H,0.3677835236685006
K461V,0.49072663833394126
K504N,-0.044364466998787544
K504D,0.1312086854224801
K504C,-0.8993996892598584
K504G,0.3670547404372619
K504H,0.10288807176935699
K504L,0.37339035629966033
K504S,-0.13535139748928904
K504T,-0.09809353081729982
K504W,0.6495909549888815
K504Y,-0.0063128182826471535
K504V,0.3769329582459494
M286A,0.47866691398682726
M286R,0.47765443956802567
M286N,0.7524753173580222
M286D,0.5926148611812249
M286C,0.3211545071402114
M286Q,0.47256972036637107
M286E,0.9349460794752501
M286G,0.00751753506133479
M286H,0.4176906340641814
M286I,0.35616277689684117
M286L,-0.13253202156606564
M286K,1.1004122842366633
M286F,-0.08952753971559213
M286P,1.034990538602049
M286S,0.8010469303600116
M286*,1.0680977594068866
M286T,0.8191011327745961
M286W,0.14021829919272288
M286Y,0.26985747537728955
M286V,0.5209142416028966
M305E,0.39658446837188666
M305L,0.9318442279358499
M305F,1.146816990699681
M305P,1.1495859090053933
M305T,0.9362413610192515
M317A,1.0600988553168518
M317R,1.039346600635681
M317N,0.83613938956561
M317D,1.0104971787421124
M317C,0.7748550468113049
M317Q,0.9906286612224573
M317G,0.6681419264864963
M317H,0.31110214160542504
M317I,1.2240446331919326
M317L,0.5525793668694139
M317K,1.003575760616874
M317F,1.0024477084588568
M317P,0.9898568174564297
M317S,0.7948784516357454
M317*,1.1006907209166736
M317T,1.0736904337572795
M317W,1.251915735124207
M317Y,0.941045640102308
M317V,1.1280847342854134
M344A,-0.708025374921402
M344N,0.5050371356879166
M344D,0.902794131650507
M344E,0.4380347292425689
M344G,0.93652805572892
M344I,0.5124440625905736
M344L,0.7935284658101762
M344K,-0.23538471408304754
M344F,0.2708565983104891
M344P,1.0549660120946922
M344S,0.7944594008774357
M344T,1.136860829188054
M344W,1.235326069614872
M344Y,0.7371516677507189
M369R,1.09985540510441
M369C,0.24474958875811395
M369F,0.035799191064742275
M369P,0.9044831507685187
M369*,1.0532516316230531
M369T,0.2117309091587763
M369V,0.05184217582782456
M377A,-0.6055367902549114
M377R,0.9423468502625638
M377D,1.235560321470774
M377C,-0.06417105196750722
M377Q,0.6163460894426414
M377E,0.5052592530034921
M377G,-0.8022438304112341
M377H,0.049127206877590424
M377L,0.5552542831936966
M377K,0.8761151162691554
M377F,1.0243081057815944
M377P,1.046968185949172
M377S,-0.866231718709877
M377T,-0.7098868864313439
M377Y,0.6039393303986038
M377V,-0.7107758003422238
M383N,0.29128257800024027
M383I,0.9078646877954408
M383L,0.8651693719363591
M383K,0.1059124787473203
M383P,1.115771548991661
M383S,0.7799337036519873
M383Y,0.574378459926972
M383V,0.9200454906592883
M469A,0.459381155196942
M469R,0.255954311953895
M469D,0.8937773354599139
M469C,0.3893148182859106
M469Q,0.34634300781985383
M469E,0.1364386818020143
M469G,0.8514464337054564
M469H,0.5087639529009361
M469I,0.9030553361630765
M469L,0.4288473614551585
M469F,0.4883349046930971
M469P,1.1549043904801795
M469S,0.43345681456689117
M469*,1.0444720617184253
M469T,0.5766784345451208
M469Y,0.22380754341869796
M469V,0.7519033585251217
M484A,0.477674973240826
M484R,1.0406915718827114
M484D,0.9199410692842855
M484C,0.2613846787278342
M484Q,0.11501603649396833
M484E,0.39213245212783626
M484G,1.0486098340254377
M484H,0.7831218451983732
M484I,0.3200790283856451
M484L,0.13070614431458008
M484K,0.6108274012479675
M484P,0.30541192927413136
M484S,0.5712470579815708
M484*,1.047817086300655
M484T,0.5756893232889665
M484W,1.0199615741781083
M484Y,0.8784505252798058
M484V,0.5734476914901583
M498A,0.8301359180931311
M498R,0.9577952443319331
M498N,0.20249487007347183
M498Q,0.377842649996318
M498E,-0.3305965689811435
M498H,0.16442723574903897
M498I,0.23154269920989343
M498L,0.34255191095290966
M498P,0.6432509140792728
M498V,0.15245801551852226
F281A,0.9991413603591563
F281R,1.035614778926183
F281N,0.8813996837623601
F281C,1.014233915596212
F281Q,1.00348987022422
F281E,0.8965290397457037
F281G,1.2144927004586688
F281H,0.9175716044920119
F281L,1.0164727884530051
F281S,1.116432352222914
F281T,1.0198628403323526
F281Y,0.9645003444187124
F281V,1.1278011236190926
F310E,0.9792382300058016
F310G,1.0042931428596393
F310H,1.0865650906794728
F310L,1.034332091695587
F310M,1.0178198180960227
F310*,1.274250299836182
F352A,0.02194085020198381
F352R,0.4040272722355477
F352N,0.15477177067864245
F352D,0.7533782406925738
F352C,-0.14326729701622443
F352Q,0.46003686992832293
F352E,0.2014240481747483
F352G,0.42632588363082335
F352H,0.07643807823538938
F352I,0.31379897398817863
F352L,0.2594175672808332
F352M,0.37326877426192895
F352P,0.6167817548027933
F352S,0.20694905157604687
F352T,-0.04780955371661405
F352Y,0.5530747141758328
F352V,-0.44784469757680767
F408A,1.2117419369069702
F408R,0.9540267205029811
F408N,1.1402707425911363
F408Q,0.9790497292571487
F408G,1.2225592577704252
F408L,1.078499489877439
F408K,0.9931899239877542
F408M,1.172051042020161
F408P,0.9841707316712311
F408S,1.070457990187064
F408T,1.0370310723235958
F408Y,1.0017677515037633
F427A,1.1062461015081417
F427R,1.075340472126875
F427N,0.9239714748329588
F427D,1.0642685835116044
F427C,0.8337601824813687
F427Q,0.9743366189512297
F427E,0.8765368940677352
F427G,1.1682946814214428
F427H,1.0189227023190846
F427I,0.745022786178521
F427L,0.8431040271734247
F427K,1.2139957924318874
F427M,0.9842725697848747
F427P,1.0015580749950603
F427S,1.0742930311575112
F427*,1.0067978695906195
F427T,1.0780552147636517
F427W,1.016973418510872
F427Y,1.113890428127041
F427V,0.8238860713872306
F442A,0.9267576357231191
F442R,1.2796017051125708
F442N,-0.05159194077691259
F442D,1.0156438112276192
F442C,0.2514957647357245
F442Q,1.5028323001735127
F442E,1.2451255661135585
F442G,0.965033509163671
F442H,1.004850134645642
F442I,0.7135818807599772
F442L,0.9551596712964996
F442K,1.0239915529459374
F442M,1.1244091114223391
F442P,1.0409165937025997
F442S,0.562334106175617
F442*,1.0127562223837532
F442T,0.8565014029218521
F442Y,0.6586298389492368
F442V,0.3798220638329164
F451A,0.346918992832067
F451R,1.135690957864354
F451N,1.1291406671313684
F451D,0.9862017170541852
F451C,0.4702088890420344
F451Q,0.9852834977186535
F451E,1.0374325637624553
F451G,1.0416680631234663
F451H,0.9529935184959482
F451L,-0.05996003552727505
F451K,1.1259651236412795
F451M,0.360569703126028
F451P,1.0978678610969195
F451S,1.070932259838066
F451*,1.0386847138428916
F451T,1.0072390932753241
F451W,0.5581058853459966
F451V,0.4648152418089013
F512A,-1.2156713639181922
F512R,1.0414703511631522
F512N,-0.2618846569935548
F512D,0.9412779419189194
F512C,0.02116444638455725
F512Q,0.6147769910431256
F512G,0.7500948744674023
F512H,-0.17815156390327924
F512I,-1.6802667698130853
F512L,-0.34154795403291294
F512K,1.0100568003323587
F512M,-0.8025919768813168
F512P,-2.32523605100277
F512S,-0.12063609155259086
F512*,1.0293012910080954
F512T,-0.9388850255579286
F512W,-2.237982926700866
F512Y,-0.09902886939467384
F512V,-1.7722127009427329
F518A,0.5746372728775122
F518R,0.742015250061267
F518N,0.7601196342131287
F518D,0.1327263432707093
F518C,0.7668156279292205
F518G,0.6347913640299773
F518I,0.03415288079491742
F518L,0.2460467494581242
F518K,0.44688139706349717
F518M,0.5317877095629635
F518P,0.5571748801738501
F518S,0.6169567993489996
F518*,1.2521913923163943
F518T,0.465953904890912
F518W,0.4291280629679238
F518Y,-0.2558729364946857
F518V,0.6253533335313815
P302A,0.4035056370352023
P302R,0.7757598717882452
P302N,0.23407715456577666
P302D,-0.4068395729809935
P302C,0.5471485884700947
P302E,-0.12121901198646534
P302G,0.2899406654781656
P302I,0.10611384298897794
P302L,0.059270388347957836
P302K,0.6165661611170195
P302M,0.5522519056413016
P302F,-0.19986457230794108
P302S,0.20093103471920892
P302*,1.1008288228862542
P302T,0.19335176398008264
P302W,-0.2144316683197688
P302Y,-0.04554767131234572
P302V,0.3440747546437395
P307A,0.06614304985953834
P307R,0.32327665250462595
P307N,-0.8391925268480749
P307D,-0.3675598754834768
P307C,0.24539989787392996
P307Q,0.06854407405586638
P307E,0.0005391345279305293
P307G,0.34337936992079465
P307H,-0.09915615894858087
P307I,0.2922269972448653
P307L,0.5406387789788147
P307K,0.6491544994190278
P307M,0.045265771933539145
P307F,0.23769956316407756
P307S,-0.3034493275080521
P307*,1.0598823187379296
P307T,-0.10177695965846478
P307W,-0.16995829085697545
P307Y,0.31200818532426045
P307V,0.5098796009678365
P336R,0.6983878079478401
P336N,0.5242552948406491
P336Q,0.9398573829790757
P336I,0.8194451336357138
P336K,0.6153148727083818
P336M,1.0341422927329202
P336S,0.8697237613455491
P336*,0.8159732378617783
P336T,0.9949680798469722
P364A,0.31650634312963377
P364R,0.3889116860433438
P364N,0.7937223139890531
P364D,0.6182999639339484
P364C,0.24822442624718
P364Q,0.48365962575925436
P364E,0.6492894180835792
P364G,0.3965894765500164
P364H,0.9938130641251717
P364I,0.399466202143531
P364L,0.19040650397427644
P364K,0.07501840289363888
P364M,0.42628266751703026
P364S,0.44939446205649053
P364T,0.4192305041405321
P364Y,0.38665147408213657
P364V,0.32721712989561436
P428N,0.9866851151697857
P428H,1.106516532608561
P428L,1.2791518006844962
P428F,0.9526244263316512
P428S,0.8723829086149486
P428T,1.037155239624146
P428Y,1.6424491251959836
P434A,-0.19178564367922857
P434R,0.4430639210835393
P434D,1.0594406983291365
P434C,-0.8904984104232055
P434E,-0.21123929198661634
P434G,-0.20771585272568904
P434H,0.3125454983422622
P434I,-0.40024457221455256
P434L,0.06625063329765349
P434K,0.5450697697677716
P434M,-0.8120962010320647
P434F,-0.21425066482544108
P434S,0.06670333193945505
P434T,-0.71214925779741
P434Y,-0.01795787733506067
P434V,0.013318460412765406
P465A,0.8917443750339942
P465R,0.9529012313225791
P465N,0.7519436835603694
P465D,1.038242169115634
P465C,0.7760279765590705
P465Q,1.0345349839305882
P465E,1.0954730137273874
P465G,0.88126285864715
P465H,1.0383372896387872
P465I,0.540037995808396
P465L,0.4744588438080918
P465M,0.6665760389568687
P465F,1.060095847941293
P465S,1.0344221035406522
P465*,1.0499979506773052
P465T,1.0347903744631437
P465W,0.8103034772252966
P465Y,1.0301526000387538
P465V,-0.1653425349212166
P467A,0.3599117431957075
P467R,0.7646945199796507
P467N,0.8000433655755331
P467D,0.9254109071365899
P467C,0.40884888018402527
P467Q,0.5402737496886023
P467E,0.6081383543361685
P467G,0.4816276108940271
P467H,0.19982946709056876
P467I,0.17800939159157503
P467L,0.42866331906700245
P467K,0.6808268820993985
P467M,0.3705201866266265
P467F,0.2620880928982378
P467S,0.6641133900806077
P467*,1.2776071128585609
P467T,0.5482661746086173
P467Y,-2.1046119135589727
P467V,0.3250683861168272
P485A,0.3020518449968189
P485R,0.07147836179862149
P485N,0.34739787818625023
P485D,0.27983556585204805
P485C,0.47683085235557415
P485Q,0.07814264344765824
P485E,0.3466842983407674
P485G,0.33117973720467914
P485H,0.08446460841966968
P485I,0.4193156068418644
P485L,0.3544974031560538
P485K,0.41401791036411584
P485M,0.28769783277675637
P485S,0.36895265866138527
P485*,1.1211752018111985
P485T,0.2970479507862741
P485W,0.5141126771341387
P485Y,0.3348736289555242
P485V,0.3692291617450403
P487A,0.5487386060689786
P487R,0.6219787766859227
P487N,0.6690084765209848
P487D,0.5687555423287338
P487C,-0.3633195782913856
P487E,0.23531175338286114
P487G,0.4788889956820436
P487I,0.143832194486608
P487L,0.4534381544583614
P487K,1.0042912786197282
P487M,0.4953674018816516
P487F,0.7800465510487461
P487S,0.45646477564333426
P487T,0.9096519930299898
P487W,0.5943990232057
P487Y,0.3337544893715141
P487V,0.08641765756028813
P488A,0.042088078704627274
P488R,-0.1330149224459264
P488D,0.268739583653539
P488C,0.34490623256129044
P488G,0.8198769126753666
P488H,0.0013706174020588213
P488I,-2.3146487584070137
P488K,0.24003998525803127
P488M,0.061575002593990846
P488S,-0.04959389763624511
P488*,1.066645888039205
P488T,0.20302693106547112
P488Y,-0.09136214597558123
P488V,0.12149249938042314
P491A,0.1947410004419805
P491R,0.2790581132432696
P491N,0.829232264802307
P491D,1.058959848426421
P491C,0.10369533327143257
P491Q,0.4870129407284316
P491E,0.8483266976653105
P491G,0.6493140828591882
P491H,0.8011781192202239
P491I,0.2447764102754138
P491L,0.5870024566078825
P491K,0.3763258490033204
P491M,0.02694060280106997
P491F,0.49198964806124224
P491S,0.4974062491060234
P491*,1.113678322612076
P491T,0.34856007066922834
P491W,0.2854001519069457
P491Y,0.16825825661311833
P491V,0.412448231731267
P506A,0.2464988374334206
P506R,-0.9952597147017708
P506N,-0.38800056895483204
P506D,0.07379235802738485
P506C,0.059695065486038174
P506Q,-0.3024825067904583
P506E,0.14327806735557286
P506G,0.04327543457296884
P506I,-0.5643962404275014
P506L,-0.001166799537979879
P506K,-0.9852500775681379
P506M,-0.15287261424074727
P506F,-0.28228195445608617
P506S,0.033174322981256776
P506*,1.094946650696979
P506T,-0.011351221611187734
P506W,-0.27441270452980293
P506Y,-0.5900001556059357
P506V,-0.11996964317453263
P510A,0.6404131306478753
P510R,0.5624148014668696
P510C,0.5075277206195352
P510Q,0.44043410893457346
P510E,0.3488257005415831
P510G,0.15989090203483547
P510I,-0.6062798637031552
P510L,0.7942394224493903
P510K,0.20539755831300588
P510Y,0.5803110017278559
P510V,0.8433162923803226
S306A,-0.19436232124218794
S306R,0.9263972880922439
S306N,0.8125791244126981
S306Q,0.9000135485327239
S306G,0.37629735496960054
S306I,0.8807257465613811
S306L,0.5308668095670056
S306K,1.0098707043841688
S306P,0.2104302953455186
S306*,0.892078793655428
S306W,0.5944316343500591
S306Y,0.7960083809133235
S306V,0.9591641346737356
S333A,0.9231277465888033
S333R,0.8737971804982306
S333N,0.5601965187543971
S333D,0.6328652761227527
S333Q,0.44904960564230306
S333E,0.10012312777188996
S333G,1.0827231329930995
S333H,0.20423122541103206
S333I,0.9944640837261913
S333L,1.050180503237302
S333K,1.0451716537287763
S333M,0.841350805587467
S333F,0.7790398169195666
S333P,0.8888854552334824
S333*,1.3362487272927615
S333T,0.781373638317001
S333Y,0.6331022256619813
S333V,1.0400729857385607
S345R,-0.7659957764779861
S345N,-0.04735301804741198
S345D,-0.886271434824976
S345C,-0.13396344578737035
S345Q,0.10792503638526751
S345G,0.33061154310959107
S345H,0.1717285162189424
S345I,-0.036682993462798796
S345L,-0.5100495154356277
S345M,0.02382992216116342
S345P,-0.027236008877143947
S345T,0.2453042945180215
S345Y,0.38155826590214464
S345V,0.009044877284242386
S348A,0.620124964648227
S348R,0.9857067733787932
S348N,-0.6243009129280581
S348D,-1.408932797616246
S348C,0.43384632974832155
S348Q,0.6025939250993684
S348E,0.9111945889444779
S348G,0.9594265194940801
S348H,0.8397703679308752
S348I,0.9751463335277273
S348L,1.0715959911547095
S348K,0.9748641163113358
S348M,0.8630503679578603
S348F,1.0557608500275555
S348P,0.9117560493976822
S348*,1.0952408359571406
S348T,0.8748205192142071
S348Y,1.009729980458721
S348V,1.0786808446534601
S375A,0.4788378546950542
S375R,0.09369208056979583
S375N,-0.43635805704188124
S375C,-0.3310078505411025
S375Q,0.26317171307811305
S375E,0.2703744410295124
S375G,0.27894876602371316
S375H,-0.2715092813837633
S375L,-0.3054595812735954
S375M,-0.34063057957849285
S375F,-0.205006065191778
S375P,0.5744694411713027
S375T,0.14599504058022167
S375W,-0.4729086104639442
S375V,0.0391171506953579
S446R,0.9093998488937651
S446I,0.35590350997778786
S446L,0.531479076333293
S446P,1.1181223311063848
S446Y,1.3286328676662118
S446V,0.602289810917761
S450A,0.8162606320865766
S450R,1.088710550532332
S450N,1.0244294007811867
S450D,1.104476777558474
S450C,0.49270592313675177
S450Q,0.9749238279511454
S450E,0.9663994360138135
S450G,0.6933062647499396
S450H,1.092224334614844
S450I,1.3357824259369735
S450L,1.1033057292800705
S450K,1.061623918869522
S450M,-0.4511746337141005
S450F,1.1680795844531386
S450P,1.0470031517764635
S450*,1.1500664807614398
S450T,0.5418469064009525
S450Y,1.049085211628389
S450V,1.1230510942018868
T288A,0.1751837251918644
T288R,0.6053503339177756
T288N,0.8334395800518994
T288D,0.2139563889675553
T288C,0.22206434503519878
T288Q,0.18370779301155843
T288E,-0.0019280936492110379
T288G,0.4171059979960101
T288H,0.26578109269635997
T288I,0.023312267481640503
T288L,0.19278387164426763
T288K,0.6829453185499959
T288M,0.258405323922896
T288F,0.24398117369634614
T288P,0.15722291740603517
T288S,0.4501715292700025
T288*,1.056307243585505
T288W,0.03474799884808172
T288Y,0.2775422316975137
T288V,0.044248613529225544
T292A,0.3549552331800452
T292R,-0.514841293990485
T292C,0.6701479650867556
T292Q,-0.02315509643991301
T292E,0.13029376144540994
T292G,0.3034753905843163
T292H,0.3474641638337041
T292I,0.7343840118109888
T292L,-0.011184033455518994
T292M,-0.07446562783911126
T292F,0.3425754515712913
T292P,0.47138410399955905
T292S,0.5914435318308445
T292W,-0.11634483735352052
T292Y,0.020008257699249077
T292V,-0.3771549029642858
T293A,0.46231529480068917
T293R,-0.005530995097126068
T293N,0.4745443614574927
T293D,0.25795845403386664
T293C,0.3961232479161416
T293Q,0.4108262630074307
T293E,0.6332480755508665
T293G,-0.05737218049672488
T293H,0.04047414012694367
T293I,-0.1188574588492673
T293L,0.5133854223515292
T293K,-0.08377052426286313
T293M,0.27111680076062084
T293F,0.5955676446163787
T293P,0.06336689198905608
T293S,0.19246191838664428
T293*,0.9925880730157701
T293W,-0.670000495155034
T293Y,0.04074134287729424
T293V,0.5220263267545481
T299A,0.7929431945267493
T299R,0.41260441070784293
T299N,0.5469012688071335
T299D,0.4787666616607086
T299C,0.6556791236932754
T299E,0.7347769681390833
T299G,-0.2514337789944725
T299H,0.10511169844570997
T299I,0.8986299098427737
T299L,-0.5303017070089175
T299M,-1.3926530288700696
T299F,-1.5863628656356812
T299P,1.1452204409781268
T299S,0.535910657973181
T299*,1.1642872920470275
T299W,0.17213725999819446
T299Y,-0.4714141286869502
T299V,1.0255717227692398
T304A,-0.02338559297086118
T304R,0.4451781695031398
T304D,0.5575833135800549
T304C,0.9569134434156887
T304Q,-0.433548120745737
T304E,0.2572439004590773
T304G,0.44215365750159347
T304H,0.4413084539927352
T304I,0.9108421231602959
T304L,0.8684506107607948
T304K,-0.9043212426986789
T304M,0.36275023633561543
T304F,0.6471148139828875
T304P,0.5059387600265743
T304S,0.1514286120612216
T304*,1.055661172749359
T304W,0.2597752639780272
T304Y,0.38677030562034104
T304V,0.8903983071842352
T341R,0.6406748398380842
T341N,0.9678906962891063
T341I,-1.709012843832694
T357A,-0.02028857566077691
T357R,0.10020828398261893
T357N,0.12093344391593652
T357C,-0.0798945131881787
T357Q,0.4727638335671167
T357E,0.21778404731341872
T357G,0.2817475507152965
T357H,0.3745371015422546
T357I,0.06497006940757785
T357L,0.15191029019374447
T357K,0.11968846696474378
T357M,0.12140039158812926
T357F,-0.3383132314419743
T357P,0.1534215998115008
T357S,-0.6619484865457983
T357*,1.07552800326831
T357Y,-0.2774564811594844
T357V,-0.008536185133185048
T420A,0.7284740515913073
T420R,0.596931288392064
T420N,0.06591172102260534
T420D,0.9182130494146297
T420C,0.8485519654953289
T420Q,-0.168641914741763
T420E,0.7352906159361905
T420G,1.1583540895635438
T420H,-0.31376040215288625
T420I,0.10658452028663001
T420L,-0.3335177330292327
T420K,0.7997995941866625
T420M,0.04417701054685069
T420F,0.03307822369434277
T420P,1.100127504466867
T420S,0.37811827827883177
T420*,1.0424764029363922
T420W,-0.11502875484142949
T420Y,0.06283587043818717
T420V,-0.3914110051058193
T432A,1.0171187276736613
T432R,1.0448759914688894
T432N,1.0210157401876852
T432D,1.1254858774088026
T432C,1.1256702511888297
T432Q,1.0596658600782791
T432E,1.12592201155732
T432G,1.102385616578729
T432H,1.0573006021104363
T432I,1.043920252021302
T432L,1.0941004846536837
T432K,1.025933625543433
T432M,1.1936966049173154
T432F,0.9909152473493206
T432P,1.0990324731464134
T432S,0.8918601523292016
T432*,0.994283912165963
T432W,1.0869945241370773
T432Y,1.0531606413043078
T432V,1.1001474866099101
T443A,0.0951726206382474
T443R,-0.476218480443649
T443N,-0.3407315958339622
T443D,0.4264255979950472
T443C,-0.025227471659043377
T443Q,-0.30538127631686085
T443E,0.7846082442181934
T443G,0.2586889575853697
T443H,-0.2101405980910812
T443L,-1.0506069596502732
T443K,-0.6152769652906519
T443M,-1.3316292102810332
T443P,0.46159974870115394
T443S,0.00397397879096989
T443*,1.0413748029444896
T443W,-0.6117277876399654
T443Y,-0.37850337976566206
T443V,-1.1350452701697817
T456A,0.7794141704055503
T456R,0.5100002251747515
T456N,0.5208495517669381
T456D,0.29326822581627
T456C,0.8661434252932769
T456Q,0.3002809950172114
T456E,0.38608534696606583
T456G,0.5097628214609757
T456H,1.364391195162487
T456I,0.46313829844261634
T456L,1.0960223363618766
T456K,0.8735140356735118
T456M,0.9336446862043293
T456P,0.900074916260807
T456S,0.8077829410552697
T456*,1.0562452405179843
T456V,0.20269402724081104
T459A,0.08938206204422063
T459R,1.4351032986947483
T459D,0.7781265722479773
T459C,0.1521820986409872
T459Q,0.5732925120984675
T459E,0.6254052884859856
T459L,1.1698353354390283
T459S,1.1589398118789087
T460A,0.1555037094046639
T460R,0.8982328576731509
T460N,0.11200216961152497
T460D,0.637727357384661
T460C,0.5017431682774001
T460Q,0.4191696256890448
T460E,0.40352606710534966
T460G,-0.0906807567025242
T460H,-0.24168394211451438
T460I,0.7433907074240982
T460L,0.11746744156063034
T460K,0.6270924882434766
T460M,0.26902094992362385
T460F,0.09361386382629244
T460P,1.1917375205116902
T460S,0.32276472445401294
T460*,1.0267990269452412
T460W,0.7338285291203828
T460Y,-0.4764260151310551
T460V,0.5209757786955045
T511A,-0.09777458283699358
T511R,-0.15654953785485087
T511N,-0.9160315377114028
T511D,-0.6075037639179568
T511C,-1.6726983548403709
T511E,-0.22057171454988744
T511G,-0.4299987432004646
T511H,-0.9550725387189434
T511I,-0.16980330219230844
T511F,-0.1920093325879989
T511P,-0.6193951931990473
T511S,0.20538083602185941
T511*,0.7959204000995166
T511W,-0.6274040081422185
T511Y,-0.4176525942158109
T511V,-0.26579560902537425
W285A,0.18478864570454956
W285R,-0.7068434759282236
W285N,-1.1548818901054685
W285D,-0.44246428476554456
W285C,0.10083640880369549
W285E,-0.699440129236639
W285G,-0.4570992568813388
W285H,-0.3582450216198261
W285I,-0.419383489432795
W285L,-0.34079220685054024
W285M,-0.8916823529407085
W285F,0.2663668749595446
W285P,1.1417935973048352
W285S,0.765766823427021
W285*,0.8201564312260965
W285T,-1.6676116453582845
W285Y,-0.9297632727586451
W285V,-1.0236509481115803
W289A,0.6303163487381687
W289R,0.5364834708212184
W289N,0.11829150370889452
W289D,-0.04998693445032032
W289C,0.2337166886182065
W289Q,0.19536383921779477
W289E,-0.0876619408043724
W289G,0.12114703409413324
W289H,0.6661370071670474
W289I,-0.09950293469053229
W289L,0.19817622888023606
W289K,-1.120659729646472
W289M,0.21968697153607508
W289F,0.26780523363739556
W289P,0.08623916529689932
W289S,0.6733185520827737
W289*,1.1400478633466902
W289T,0.3963003674570368
W289Y,0.0313305010780609
W289V,0.22726000394386836
W431A,1.0363945426769858
W431R,1.0705731543485253
W431N,0.9774083453562417
W431D,1.2038306825218863
W431C,1.0735930515919212
W431Q,1.1244917907964957
W431E,0.9687185152495599
W431G,1.0655366402941642
W431H,0.8402491428065799
W431I,0.9495630201257406
W431L,1.0795803269314135
W431K,1.202197606204725
W431M,1.0607920274255047
W431F,1.028835226191396
W431P,1.055508938991702
W431S,1.0464382208456797
W431*,1.1207605573608983
W431T,1.0122962657653642
W431Y,1.0892983728603052
W431V,1.075485602267164
W449A,1.0566191340685718
W449R,0.8357421336680748
W449D,1.0700016576327271
W449C,0.9275031306525325
W449Q,1.015536376844585
W449E,0.9058100141574708
W449G,1.0685758844375413
W449H,0.5472336763481318
W449L,1.070310770369861
W449K,0.9205063234054784
W449M,1.0496612552138356
W449F,-0.031960472575459226
W449P,1.0080789186114905
W449S,1.1572693679013661
W449*,1.2959359504894346
W449T,1.2938906256516138
W449Y,0.40194037942321403
W449V,1.1557411820483363
W502A,0.4106927913997518
W502R,1.2431248316056143
W502N,-0.09144829377062863
W502D,0.7136901854877489
W502C,0.26579569890549193
W502Q,0.03400559318428048
W502E,0.06249180981711312
W502G,0.3255213609573884
W502H,0.4662054001893894
W502I,1.1807564035206988
W502L,0.8002236430215619
W502K,1.1685279783200182
W502M,0.5446923671917354
W502F,0.6929808951592399
W502P,1.1179393357969383
W502S,0.27153062088908153
W502*,1.041468833043994
W502T,0.26748219137682056
W502Y,0.5832701205325319
W502V,0.5275753707604712
Y329A,0.15189083511278934
Y329R,-0.30514914788131553
Y329N,-0.059917261437936686
Y329D,0.6709140397676379
Y329C,0.22184503767504662
Y329E,0.03394909293454573
Y329G,-0.286792516801549
Y329H,0.02525702858950568
Y329I,-0.28864895880359565
Y329L,0.31320162304026666
Y329M,0.36855758831621466
Y329F,0.24093043762279392
Y329P,1.0564061067512762
Y329S,0.40431864946776125
Y329*,1.0742126365477584
Y329T,0.09100167732759895
Y329W,-0.1481884220397755
Y329V,0.1272190314539262
Y338C,0.9197980353624953
Y338Q,0.5875152657895334
Y338E,0.6174298407149184
Y338H,0.20499022385946936
Y338L,-1.0799232000733716
Y338M,0.6107131090246998
Y338F,-0.08621479828319051
Y338P,1.1917000399350448
Y338S,0.9883855414971792
Y343R,-1.6714866450745474
Y343N,0.23767766413842517
Y360A,0.47243204979225417
Y360D,0.19035379754633003
Y360G,0.658357272930612
Y360I,0.3581870338489272
Y360M,0.4331840973805659
Y360*,0.7301725446971274
Y360V,0.3721646030957538
Y379A,0.34894993760036985
Y379R,0.5955940672851399
Y379N,0.7838027358792592
Y379D,0.43785974506135406
Y379C,1.1882743516591172
Y379Q,1.1574653066375522
Y379E,0.7907307484882212
Y379H,0.4357779506067083
Y379I,0.29819853438363975
Y379L,0.7476532094727179
Y379K,0.18204650234904005
Y379M,0.7095406225494347
Y379F,0.23826529195878057
Y379P,1.0196055057611706
Y379S,0.6739695025934075
Y379T,0.6706656129685614
Y379W,0.07448478661540109
Y379V,0.8613417719984142
Y385A,0.17791844846882915
Y385R,1.0415292772438471
Y385D,0.8314110707725904
Y385C,-0.18821643693208828
Y385Q,1.3898487387932856
Y385H,0.8520043042412848
Y385I,-0.6095228145370191
Y385L,1.092404430970229
Y385M,0.6010684758573753
Y385P,1.2860939309785118
Y385T,0.15952209567071374
Y385W,0.6526916452369197
Y385V,-0.5708158333392654
Y419A,1.014554814950886
Y419R,0.986892166836947
Y419N,0.802442700348164
Y419D,0.9562572339684925
Y419C,1.1122565014696368
Y419E,1.0122959270921759
Y419G,1.081324634290576
Y419H,0.947126592850773
Y419I,1.041943405737145
Y419L,1.0618772103191714
Y419K,1.0648455240014902
Y419M,1.1612932237653126
Y419F,1.2314921216045072
Y419P,1.1034913164896347
Y419S,1.1075467304444604
Y419*,1.1708437398535778
Y419T,1.0323195104272924
Y419W,0.9986128636211475
Y419V,1.0157801646616031
Y439A,0.7333063255736014
Y439R,0.43125192955174607
Y439N,0.6479625434430732
Y439D,0.33914516214919366
Y439C,0.4125552452592203
Y439Q,0.4431213927665582
Y439E,0.6315696407900746
Y439G,0.8616629869421906
Y439H,0.6154025225215538
Y439I,0.14900812770356767
Y439L,0.4304522596039803
Y439K,0.3425410552749687
Y439M,0.3794919825136675
Y439F,0.39353343589806017
Y439P,1.0853186837917592
Y439S,0.6084664470736464
Y439*,1.043139305209076
Y439T,0.6103166915507778
Y439W,0.06012919535710118
Y439V,0.4761737267323658
Y466G,1.0631161240524083
Y466L,1.1326925213164394
Y482A,0.7176311861244544
Y482R,0.6287444216347676
Y482N,0.8263506324263735
Y482D,0.9428212147845001
Y482C,0.6022114402048027
Y482Q,0.6852519362542269
Y482E,0.7647024480665755
Y482G,0.649198287487588
Y482H,0.6979624886686259
Y482I,0.6268468518959323
Y482L,0.23038394998191308
Y482K,0.6754018282976326
Y482M,0.292152600228291
Y482F,0.3481326845482666
Y482P,0.9704773937532021
Y482S,0.688590248002348
Y482*,0.9968195646041897
Y482T,0.9236471486728128
Y482W,0.4984943226944391
Y482V,0.6980971714715827
Y514A,0.35107766625447534
Y514R,-0.5874434687100878
Y514N,1.0463346261429507
Y514D,0.719826296805917
Y514G,0.10969560908636655
Y514I,0.04536613368852066
Y514L,0.1648156738104969
Y514M,0.1305887014174375
Y514S,0.12589550685330098
Y514T,0.20441171534211802
Y514V,0.19137168515742242
V274A,-0.47852742036282336
V274R,-0.1947736355579155
V274N,1.6419616004365287
V274C,-1.0731259379167095
V274E,0.5704311752255535
V274G,-1.2974305334038574
V274I,-0.01984494285886429
V274K,0.4456233721564845
V274M,-0.37890661822833316
V274P,0.626139051969143
V274S,-0.009043047358241019
V274*,1.1920703401768404
V274T,-0.0061705872551534036
V274W,-0.9350206438055606
V284A,0.9163372864669675
V284R,0.9838096875590885
V284N,1.0362070554326115
V284D,1.0420477657777543
V284C,0.5912550054453153
V284Q,1.0472904051247083
V284E,1.0594518667692678
V284G,1.0222261938689905
V284H,1.073245433114986
V284I,1.0276995799599349
V284L,1.1777057457400486
V284K,1.1008524443254721
V284M,0.9003889400177685
V284P,0.8903587167478328
V284S,1.0638318471586703
V284T,0.9783479472981897
V284W,1.026980598025019
V284Y,1.0059602948917257
V295A,0.9433459061976428
V295R,-0.1958255584204781
V295N,0.4874725023712695
V295Q,0.760273788542003
V295G,0.20433619488676918
V295I,0.6418236977668783
V295L,0.4203121756098365
V295K,0.35817950996673675
V295M,0.36637142883720053
V295F,0.3156455220674963
V295S,0.00945991370878041
V295T,0.08296846815632875
V295Y,0.4980048521258271
V316A,0.7744489837627004
V316R,0.6180060737144075
V316N,0.8993246465914251
V316D,1.0530330299095718
V316C,0.5903379835946347
V316Q,1.1271051135052357
V316E,1.1766956591107942
V316G,1.0120485597128672
V316H,0.6395071923537847
V316I,0.06451663318411294
V316L,0.8176908834397619
V316K,1.2273893236057012
V316M,0.8515303180141083
V316F,1.0561735791566795
V316P,1.140557298530565
V316S,0.7460463490109123
V316*,1.7816004798866825
V316T,0.32330361537114183
V316Y,1.0106833599033096
V326A,0.5374968527881295
V326R,-0.9600305431600298
V326N,-0.3278219098734403
V326C,0.18640360429804811
V326Q,0.48849310662263645
V326E,0.9111659640193517
V326G,0.3681117460392962
V326H,0.4444642312633767
V326I,0.5096486844933839
V326L,1.2811826113634786
V326K,-0.21097336179831327
V326M,0.8176223142611035
V326F,0.447568728175995
V326P,0.8543023536998823
V326S,0.061410498950215775
V326T,0.3095101082786324
V326Y,0.11834941142910808
V331R,0.7373876662119057
V331D,0.5418632102076705
V331C,0.6435215733565423
V331Q,0.6301101538675928
V331E,-0.10227428977018674
V331G,0.8781154421591773
V331H,0.935002139951616
V331I,1.0770767938370203
V331L,0.4234046185599418
V331M,0.19115884279565987
V331P,1.1901588692137248
V331T,0.44492164417579416
V332A,0.1936504088502596
V332Q,0.7126105437104442
V332E,0.9698625705371431
V332H,0.1748507895088968
V332I,0.6806195807885576
V332L,0.6706717932323185
V332K,0.631580335610982
V332F,0.35589975285699604
V332P,0.8543419875570577
V332S,0.7010626109957849
V332*,1.0081958614307402
V332T,0.8102908270430309
V332Y,0.37277331747963843
V340A,0.5003988246727468
V340R,1.0961849760301112
V340N,0.9309866880846971
V340D,1.338694437667041
V340C,0.34234666400003655
V340Q,1.104950531259795
V340E,0.9897979216208925
V340G,0.9546702460709027
V340H,1.0784272415177334
V340I,0.33487116611772944
V340L,0.7140018084586827
V340K,1.1327145415727653
V340M,0.8944357941452414
V340F,1.067650199271184
V340P,1.077300472003326
V340S,0.902095915682231
V340*,0.9446611108604772
V340T,0.012308052993730334
V340W,1.0117780238900453
V340Y,1.0895921584971713
V367R,-0.3100437032465354
V367N,0.17098408956437675
V367D,0.8504189071388013
V367Q,0.3587359555664785
V367E,0.6803893412640246
V367G,0.43593950976033957
V367H,-0.8370775644114516
V367I,0.04866852349947376
V367L,0.7314525572050412
V367P,0.6938623384982217
V367S,0.02824716541467949
V367*,0.8676025102527583
V380A,0.974725794541639
V380R,1.1245934273232594
V380C,0.5448829115409779
V380Q,0.6424155941916825
V380E,0.9825992767886149
V380G,1.1498077553931603
V380H,0.2591777133458688
V380I,0.46250264304824706
V380L,1.0579090424360875
V380M,-0.09718360496100242
V380F,0.3867638101333984
V380P,1.0801846992979722
V380S,0.9870588600758949
V380*,1.0344123222873058
V380T,1.0995194157712296
V380W,-0.741037337491951
V380Y,1.1516500419470532
V386A,1.015654429253756
V386R,1.3178726700512284
V386D,1.2063973977375009
V386C,0.3322130684181361
V386Q,1.1137414972582853
V386E,0.965993884579103
V386G,1.131055934364487
V386H,1.0191127285974377
V386I,-0.6609986798673491
V386L,0.5144967832677975
V386K,1.0619527009956595
V386M,0.7706823218937735
V386F,1.0215061671202
V386P,1.1814930980455958
V386S,1.0130967354381826
V386T,0.7411989734997507
V386W,1.2233359887808808
V386Y,0.9719841683774613
V397A,0.39619509794646746
V397R,0.8430200375292678
V397N,0.9447546998388523
V397D,0.6819635403528268
V397C,0.20898883199654428
V397G,0.782180435456201
V397H,0.8790298110034709
V397I,0.7965433211893282
V397L,0.5509358143520077
V397K,0.5302608583207119
V397M,0.7674941933946904
V397F,0.8054785557016
V397P,1.113018036239784
V397S,0.8264092983308455
V397*,1.0042636226823323
V397T,0.3038838747253704
V397W,0.75522312188476
V397Y,0.6369717387286933
V402A,0.16559807095055168
V402R,-0.255049686335971
V402N,0.07053087113746753
V402D,-0.47854009997964886
V402C,0.5336100877231813
V402Q,0.18893395939375485
V402G,-0.3626448331188197
V402H,-0.2635005922126483
V402L,0.06909212877809087
V402M,-0.7922928540490854
V402P,0.5088710132539589
V402S,-0.05416152617338876
V402*,0.6838850060228701
V402T,0.4806986604501053
V402Y,-0.09272288764769249
V405A,0.9390655971857944
V405R,1.1152822706451742
V405N,1.1526420455828466
V405D,1.0072909253264641
V405C,0.8986852770473559
V405Q,1.2143980638399392
V405E,1.1410882232079322
V405G,0.9845596119157078
V405H,1.0351063285384556
V405I,0.16760485861906466
V405L,0.07422440325851695
V405K,1.3831130094290311
V405M,0.824886919033401
V405F,1.105636094682221
V405P,0.9405235006352939
V405S,0.9098897743956893
V405T,0.7218570335923198
V405Y,1.0817045138060253
V448R,0.1888001101079414
V448G,0.13394571224263294
V448I,-0.2834393631307889
V448L,0.3832436020020731
V448F,1.0295546764476873
V448T,-0.39926276736292327
V448Y,-0.5456910287458765
V464A,0.15823531661510387
V464R,0.251361442644334
V464N,0.030761067580655554
V464D,0.5672311783000368
V464C,-0.044981552551424
V464E,0.23168904854737693
V464G,-0.1063085355334592
V464H,-0.20348612591743853
V464I,0.22291499203532247
V464L,0.3090971762999923
V464M,0.3487972577691326
V464F,0.2695688117476542
V464P,-0.25801799637471823
V464S,-0.026426553166454037
V464T,-0.13588645367991037
V464W,-0.22231348308861087
V464Y,-0.05364886509468869
V470A,0.11962048191140001
V470R,0.46962762378561784
V470D,-0.10145390012945332
V470C,0.33135512462963257
V470Q,0.6078202623770592
V470E,-0.07888978598384838
V470G,-0.3260236988978171
V470L,0.4514352655133154
V470K,0.33935122682988234
V470M,0.20623651827015926
V470F,0.22563240239023558
V470P,0.7170017805684877
V470S,-0.4372782529104302
V470*,0.9261733616958208
V470W,0.2262127806790783
V478A,0.2792854174963406
V478R,1.113659661022248
V478N,0.5839232707296046
V478E,0.9603275843684158
V478G,1.0190888613998497
V478I,-0.11695653027960484
V478L,0.47812793469034187
V478K,0.9955705500334662
V478M,0.3258648839204277
V478S,0.41159200945512275
V478T,-0.07743394430271455
V478Y,0.42100774891160964
