condition,Zero,Zero,Radicicol,Radicicol
replicate,Rep1,Rep2,Rep1,Rep2
_wt,-0.0,-0.0,-0.0,-0.0
c.1005A>G (p.=),0.04420411555086101,0.12023654082776147,-0.010492807199544707,0.12814201345245113
c.1014C>T (p.=),0.11603127885268183,-0.13128819366252742,0.041095289091749976,0.15170323942462183
"c.1017C>A (p.=), c.1543T>C (p.=), c.1545G>T (p.=)",-0.26493067298457085,-0.20993853406609553,0.6820320373282014,-0.03263278534620717
c.1017C>T (p.=),0.21653768831074238,-0.05265601002978748,0.3886900662284125,0.31340828439653823
c.1020T>G (p.=),0.0936997531974697,0.23275704803423736,0.08049361015204592,-0.2219191074029938
"c.1033T>A (p.=), c.1034C>G (p.=)",0.12081721285874103,-0.08126809423066028,0.1367347937004304,0.21739375924057303
c.1041T>G (p.=),-0.14801022823529753,-0.21625562739516901,-0.22780335449358624,0.02636598918683486
"c.1042T>A (p.=), c.1043C>G (p.=)",0.20360926286876957,0.23255176979225745,0.030956526487971203,0.19545038221598698
c.1044T>G (p.=),-0.5054906526356255,0.249265327173398,0.009670704639590078,-0.037968415641842945
c.1045T>C (p.=),0.8846590260875846,-0.24821343574020815,-0.15028742562686048,0.3110971697358016
"c.1045T>C (p.=), c.1047G>T (p.=)",0.07690640321628273,0.15054279554990746,0.18151342950916138,0.18368546859614732
c.1048T>C (p.=),-0.05917769778531046,0.29185069666498986,0.10332360313359601,0.08897690700675653
"c.1048T>C (p.=), c.1050G>T (p.=)",0.0635801927180033,-0.17208918039602938,0.17847991359837323,0.4679931910111854
c.1053C>T (p.=),0.1928145786730564,-0.006167802452367255,-0.0916765307039551,0.22351648476003838
c.1056C>T (p.=),-0.2579549073953551,-0.07356532721245745,0.0052756650079572864,-0.18637473895831658
c.1057T>C (p.=),0.24806273228440112,0.523577288715015,0.020237033010170435,-0.16151758078977885
"c.1057T>C (p.=), c.1059G>T (p.=)",0.21817475651699958,0.04139702834362646,-0.027311894591334873,-0.007128772841425324
c.1065T>G (p.=),-0.0730979690516298,0.02372895068167047,0.06164825720999456,0.08436626422765237
c.1068A>G (p.=),0.01832407655583257,-0.03425217636456246,-0.14947800661642496,0.36818733896749656
"c.1068A>G (p.=), c.1155C>T (p.=)",0.1693674862113994,0.16783252177060248,-0.2801447053771682,-0.006258927420144111
c.1071T>G (p.=),-0.11786595371080288,0.8114948019556918,0.31624500270855727,-0.07661391457652655
c.1081T>C (p.=),0.15406310660249112,0.23657911002673782,-0.08343189821490427,0.10905253274221138
"c.1081T>C (p.=), c.1083G>T (p.=)",-0.009888928374552464,0.05892218212556877,0.4871286826177439,-0.1037009041163568
"c.1084A>C (p.=), c.1086A>T (p.=)",,0.14493123268243036,-0.2747958052154722,0.5396478060649548
c.1086A>G (p.=),0.1254756204905787,-0.09765499209403306,-0.5365863087428533,0.21978395239867776
"c.1087T>C (p.=), c.1089G>T (p.=)",0.01330654336243331,-0.15490931056000434,0.1517766498378661,-0.07093727687414386
c.1092A>G (p.=),0.038393309776021844,0.3066216261333299,0.4701242215684962,-0.6469464827975795
c.1092A>T (p.=),0.3814039158786997,-0.05746178322004347,0.010547994197583677,0.02351860742110201
c.1101T>G (p.=),0.1094131585457001,0.2437209223682526,0.13533643545107577,-0.11355487584525914
c.1104C>T (p.=),0.09359329167083175,-0.02044557104697109,0.16169828130976338,0.2838773882172658
c.1110T>G (p.=),0.06881100263845141,-0.2495408676915396,-0.33791841009080237,0.32065138878406163
c.1116A>G (p.=),0.6548268813415641,-0.09423788445322057,-0.06636112741651967,-0.2900491798410041
c.1119C>T (p.=),1.599900815087656,0.6878057974615253,1.659267298208885,-0.5723716764842282
c.1122T>G (p.=),0.08434405608694018,0.0738033670373559,0.12712742540917787,-0.5253985508971608
"c.1123T>A (p.=), c.1124C>G (p.=)",-0.06443654029431745,0.17014393228094793,0.3336020566678233,-0.07919660529071049
c.1125T>G (p.=),-1.6950234583275252,1.384305504159645,0.7000996453896402,0.14564309070246306
c.1128T>G (p.=),0.252431624958545,0.20532320782323943,-0.1911751493625573,0.021051483076250044
c.1137C>T (p.=),-0.16922804265017977,0.0922003641346043,-0.062354274322959036,0.2811736974808028
c.1140T>G (p.=),0.12029311718802305,-0.06407298648260529,-0.22916611600375347,-0.012512731089219464
c.1143A>G (p.=),0.26118849501610164,0.8278457947322799,0.10227953760881014,-0.21058728259068538
c.1146A>G (p.=),-0.5424614589418688,0.08684008709580482,0.8530941480557424,-0.004608577066097297
c.1152C>T (p.=),0.001962238499467972,-0.14787382036178887,0.48392869368685965,0.054952851522387824
c.1155C>T (p.=),-0.3699822775897328,0.02868204958371301,0.3896885926587963,-0.02025089770369526
"c.1155C>T (p.=), c.1348T>A (p.=), c.1349C>G (p.=)",0.250904793623806,0.04735581362911656,0.004593492073736272,0.3886359237894901
c.1158T>G (p.=),-0.10248254928975342,0.10836957224688426,0.3495435310337598,0.11547358731945234
c.1161C>T (p.=),-0.22592202567111297,0.26020590391288145,0.3532161445521256,1.081427851438729
"c.1162A>C (p.=), c.1164A>T (p.=)",0.1732451771283383,0.0030322633058021964,-0.02913188375675091,-0.22194506071542985
c.1164A>G (p.=),0.3784263923135107,-0.21029613760726473,0.22658405383184466,0.3094154392601851
c.1168T>C (p.=),5.163283766353874,-0.008975096560947193,0.33659813166661756,3.2881664857068422
c.1182C>T (p.=),0.48191719549958734,-0.18040491699176098,-0.5064907503320502,0.11553158242261752
c.1185C>T (p.=),-0.22318014277448395,-0.0729803338422359,-0.10021365127696846,-0.3135082842062129
c.1186T>C (p.=),0.2862716332357973,0.21745609107977337,0.019392310960638426,-0.029583521420622816
"c.1186T>C (p.=), c.1188G>T (p.=)",0.6837680866136431,0.74572595583951,-0.1674799816545116,0.21111555699199336
c.1194T>G (p.=),0.14470640839753024,0.08319012012038485,0.14860638628094858,0.036526957452735154
c.1201T>C (p.=),-0.5024223616363974,0.517787913173593,0.0007071363065378478,0.29927764420063063
"c.1201T>C (p.=), c.1203G>T (p.=)",-0.4644065314720365,-0.21274347677679284,0.14250434574184023,-0.13993533411039305
c.1215T>G (p.=),0.3262204271671951,0.11822896101117486,-0.09627059347926004,0.02216075817948049
c.1218T>G (p.=),-0.2642340757934001,0.5032236192845083,1.3164413077675832,0.4634581093526977
c.1221C>T (p.=),0.8543083283873996,-0.06941050804921556,0.11583354677322433,0.3937318793690725
c.1224C>T (p.=),-0.32646857374639904,0.5834806325417086,0.3358626704295844,0.15922353374240128
c.1227T>G (p.=),0.10986637103578722,0.2242643209692563,0.1566846000589628,0.20050237371080915
c.1228T>C (p.=),-0.16134875087999045,0.5478997867325601,-0.2937061322330141,0.2205192719332194
"c.1228T>C (p.=), c.1230G>T (p.=)",-0.27828780909475714,0.18560037275012942,0.37526124372826697,0.2537127020215033
c.1233T>G (p.=),0.1239714318098617,0.03646215122607277,-0.3132566059088884,0.5332019695642058
"c.1234A>C (p.=), c.1236A>G (p.=)",0.4202127095616781,0.6079372476162916,0.004406558682965134,-0.018058537192646718
"c.1234A>C (p.=), c.1236A>T (p.=)",-0.5265226399059371,0.07546036638876252,1.0886108834654618,-0.7259153201721116
c.1236A>G (p.=),-0.009382877439164439,-0.2291442200239171,0.766741339290034,-0.3853031861747658
c.1237T>C (p.=),0.05570578884699984,-0.8968624120275184,-0.19968720592751943,-0.7696004093657098
"c.1237T>C (p.=), c.1239G>T (p.=)",0.47706806536918656,-0.3897836901226439,0.2073274691541762,0.17687710159913372
c.1251C>T (p.=),,1.9725508800465903,0.7892123430828795,3.4527700996468305
c.1257C>T (p.=),0.40431974996231457,0.14076052649810844,-0.38168494516793317,0.6347982218478752
c.1260T>G (p.=),0.2075515335180791,-0.17463127227230668,0.10795836677616677,0.15012215005025098
"c.1264A>C (p.=), c.1266A>G (p.=)",0.1384558573613175,0.04757388056514422,-0.1444376153591369,-0.12080804871521966
"c.1264A>C (p.=), c.1266A>T (p.=)",0.14422010448318723,0.014647233985323638,-0.019413648758045632,-0.08141269033903908
c.1266A>G (p.=),0.18762157299847715,0.0035750836564663047,-0.21924844242195451,-0.20341682603435185
c.1269A>G (p.=),1.0540500138260516,,1.5127096085738163,0.5696015248419535
c.1272T>G (p.=),0.33205743685507727,0.11540124182449141,-0.1632038499411621,-0.10114674125645085
c.1275T>G (p.=),0.7225481555849695,0.6325337568213145,-0.3419911350251983,0.3973902758069974
c.1281C>T (p.=),0.1438524215496555,0.16539305407358107,-0.21429975285693725,0.05221852665748994
c.1284A>T (p.=),-0.2123277425007286,0.014611631474136466,-0.28164631265706763,0.019074781201172897
c.1287C>T (p.=),0.2487166068266884,0.25146461412633503,0.1157035453442754,-0.05492659162744573
c.1296T>G (p.=),0.009533435902585374,-0.005148961272900543,-0.09661951095192745,0.03099469239897168
c.1299T>G (p.=),-0.2273213473600677,-0.10570313161051903,0.680408490265136,-0.25406550974841036
c.1302A>G (p.=),0.38400704481233383,0.2787793545388446,-0.17998467322092448,-0.16008056252865455
c.1302A>T (p.=),0.04445800520097709,-0.0837269622963106,-0.02324056814480624,0.130190431229952
c.1312T>C (p.=),0.7909214345857745,0.776181718910034,-0.23382055161681858,-0.04136922724030789
"c.1312T>C (p.=), c.1314G>T (p.=)",,1.1417852102291324,-0.8903201545638844,-0.15355765617711814
c.1317C>T (p.=),0.02261973652249516,0.1805618713247572,0.06654107478602711,-0.029578000944965765
c.1320T>G (p.=),-0.4156489565665584,-0.2726215283217579,-0.31258042993569024,-0.17960213884816945
c.1323A>G (p.=),0.1931543623068528,0.5697032321059847,-0.006858647557305808,-0.12137418397901811
c.1326C>T (p.=),-0.01204239956503761,0.13276476564481365,-0.05752447298966379,0.012602882991856301
c.1329T>G (p.=),0.13048698121243607,0.15990577689405328,0.18234881952243054,-0.015926510880356126
c.1332C>T (p.=),-0.33114755342310254,0.07361021039113336,-0.5029079811100328,0.5902875302183315
"c.1336T>A (p.=), c.1337C>G (p.=)",-0.8398087420896632,-0.09052134299118197,-0.504785983196383,0.0845708658668638
c.1341C>T (p.=),-0.064136033546772,1.4709006607661816,-0.35361519442159484,0.40160168296992893
c.1344T>G (p.=),-0.5696342806633234,-0.30867436003793625,-0.6077525831681072,-0.18340273273982444
"c.1348T>A (p.=), c.1349C>G (p.=)",-0.09500633453277763,0.06777688952568584,-0.02080371500248379,0.09223516008256505
c.1350T>G (p.=),-0.04839059179138383,0.08772508349353059,-0.10123729589465391,-0.07793682726967832
c.1353C>T (p.=),-0.032340398755986044,0.15476341512961955,0.032013892492452456,-0.01835414662397472
c.1356T>G (p.=),-0.2939776208465146,-0.06797120997267303,0.25806629703176664,-0.04269052117320804
"c.1359C>A (p.=), c.1518A>G (p.=)",0.04706026443302669,0.36886253007421566,0.0680662812123991,-0.08872089985145593
c.1359C>T (p.=),1.7047598860569106,0.40368662140164524,-0.5022767045510683,0.34157969597904714
c.1360T>C (p.=),-0.01154478781252477,-0.015438713297620144,0.022183306199537345,0.06658214843385979
"c.1360T>C (p.=), c.1362G>T (p.=)",-0.10042335212071052,0.23877692595855127,-0.07955759035889542,0.10090067676813197
c.1363T>C (p.=),0.42084717756485546,0.1202526509526054,0.07221014509937085,0.182869637769274
"c.1363T>C (p.=), c.1365G>T (p.=)",0.3039448443750148,-0.05277404466668756,0.07218610369769873,0.16173744607515328
c.1368T>G (p.=),0.5393467896939628,0.047587859584284686,-0.18508779239560358,0.009612419761685587
"c.1372T>C (p.=), c.1374G>T (p.=)",-0.1983374342354738,-0.6155592254926407,0.1893158792964167,-0.22138906438090888
c.1386T>C (p.=),-1.6740726361730474,-1.3894328522870536,-0.6355040481414145,-0.8929975464524587
c.1389A>G (p.=),-0.1124645545991445,0.28538252588314705,-0.46710821307345896,1.0728275574251445
c.1392T>G (p.=),0.20170099483444304,-0.3404042139138639,0.06522814638857,0.08225099337302133
c.1395A>T (p.=),-0.07138176282813014,0.21458439865024115,-0.28849974609684015,0.11824786596794112
c.1401A>G (p.=),-0.05509952976799504,0.15328733556627405,0.029704049456785953,0.001656878119407068
c.1401A>T (p.=),-0.16859479538136313,-0.1319097128825515,0.10878071595915628,0.09367210313049057
c.1410T>G (p.=),0.16558394228920115,-0.030895715191579853,-0.011267248832302457,0.02770081166503413
c.1413C>T (p.=),-0.6112540376478695,-0.13269297679099346,0.8010981549935767,0.9654027971800474
"c.1414A>C (p.=), c.1416A>G (p.=)",0.3794565860530348,0.3027623981530718,-0.19112023793746324,0.09958153049421181
"c.1414A>C (p.=), c.1416A>T (p.=)",-0.3918245416914279,-0.026891806080140412,-0.1037822770538499,-0.08783102461168868
c.1431A>G (p.=),-0.5598900865763436,-0.33993095688989605,0.188148041857497,0.008185260785979587
c.1434T>G (p.=),0.012087067766735515,-0.03309741093266361,-0.012678289482636274,0.09770019732993163
c.1437A>G (p.=),-0.14104162464773395,0.048324498568631746,-0.1508097148364227,0.02905687864462969
"c.1438A>C (p.=), c.1440A>T (p.=)",0.2626534393142421,0.5364849598427881,-0.36428776562908105,-0.21098060941414865
c.1440A>G (p.=),-0.725065230676214,0.1198099165302029,-0.10784411963918128,0.4195549165233823
c.1443T>G (p.=),0.05830536278350662,0.11293250294695545,0.015695993630598704,0.13477042981677023
c.1446C>T (p.=),-0.23263106313284254,0.2453746176174194,-0.13429312350552092,-0.05872660706213306
"c.1447A>C (p.=), c.1449A>G (p.=)",0.3589975274324231,0.1378784073687651,-0.13687884227437763,0.12673051133436974
"c.1447A>C (p.=), c.1449A>T (p.=)",-0.019522195792855523,0.011503990861550406,-0.1069663169644115,0.05156902129180141
c.1449A>G (p.=),-0.03853778773839345,0.05505819910528276,-0.1383532620504977,0.15895080014094543
c.1455A>G (p.=),-0.03722931044124689,0.3849218924463722,-0.02419397768687226,0.030053395180538622
c.1455A>T (p.=),0.16689237586268213,-0.11237118392143941,-0.06824641491730432,0.09992672279601589
c.1461A>T (p.=),-0.29391890523931163,0.007813043191990943,-0.15851382865613495,0.20484554615317574
c.1464A>T (p.=),0.16990761023113876,0.16324489817385412,0.3449545757260193,-0.10519777228067806
c.1467A>G (p.=),0.12142494358428113,0.020709944301973593,-0.03874638999523583,0.05552464110539379
c.1473A>G (p.=),0.42494799196456334,-0.06634912274819005,0.3091823296790599,0.22109157493723774
c.1473A>T (p.=),-0.1498521554153891,0.23143328075152603,-0.004369494796814699,-0.10836141264640986
c.1480T>C (p.=),-0.16584074571954854,0.4389863037354118,0.26801852818599237,0.1579220352986157
"c.1480T>C (p.=), c.1482G>T (p.=)",-0.8808829619474157,-0.3127294785141421,0.01494244471655648,-0.02140179268259601
c.1485C>T (p.=),0.31329904599621905,-0.23261652786694853,0.11193985773060522,0.10928195677680375
c.1500A>G (p.=),0.5912664504890079,0.18175816318966742,-0.12420988182248482,0.00023259973270395307
"c.1507A>C (p.=), c.1509A>G (p.=)",0.03731704343749609,0.09157732250475004,-0.23020506392122186,-0.0205212234149732
"c.1507A>C (p.=), c.1509A>T (p.=)",-0.044716772858206966,0.2920312786349122,0.29951886586716725,0.05120197623546385
c.1509A>G (p.=),-0.14458086420045957,-0.16036485629353292,-0.0028193608451010377,0.29076758135340075
c.1515A>G (p.=),0.02485367543909689,-0.00323625195538213,-0.16892183359083202,-0.019600588543406516
c.1518A>G (p.=),0.2301507744401894,0.5226692457054884,0.008770502870207864,-0.05670071882176053
c.1518A>T (p.=),0.044057089319291975,0.01867019821659799,0.24177529725973024,0.029474574905964168
c.1521A>G (p.=),-0.11859571340804465,-0.014195695749765314,-0.10327934821572882,0.1193645955945346
c.1524A>G (p.=),-0.09435653517514275,0.12302076730190059,0.059183817144300654,0.1756762037203301
c.1527A>G (p.=),0.9593924190710998,0.6004257892640172,0.03354033076720242,0.20625652372263037
c.1530A>G (p.=),0.7908463516499582,0.4080023134069988,0.11418208891903436,0.17231703254366337
c.1530A>T (p.=),0.1806512878616262,0.056024083338257036,0.05127797420382407,-0.16542535523691004
c.1536C>T (p.=),0.4569061100000482,0.20116322783721952,0.07595282259025726,0.2903703805136524
c.1543T>C (p.=),-0.20024766741404054,-0.03052826305663814,-0.02209816518044727,0.09707223011877808
"c.1543T>C (p.=), c.1545G>T (p.=)",0.025030536630186617,0.01610656544777811,-0.4222161011317729,-0.1808666210199572
c.1548A>G (p.=),0.2355237415104492,0.22948125071519154,-0.32297508789643103,0.19998997096276128
c.1554C>T (p.=),0.061776588461656345,-0.09362753572520077,0.2545032918911989,0.13420841320037713
c.1555T>C (p.=),0.16366376236155755,-0.027786472620270786,-0.19159212681908055,0.12430599236226225
"c.1555T>C (p.=), c.1557G>A (p.=)",,2.258166462070923,0.8111635662692454,0.11832557686008105
c.813A>G (p.=),0.17448293798966752,-0.15965217538384557,-0.2091053772006175,-0.26090141320588955
"c.816G>A (p.=), c.1053C>T (p.=)",-0.05864414808493734,0.36298886516898854,,1.3073680879613647
c.819A>G (p.=),-0.057569217176925314,0.3382717944148492,0.054537464415224335,0.31221942959047233
c.822T>G (p.=),-0.11764891786244291,0.06753456212221387,-0.16869792952679497,0.22545150161788552
c.826T>C (p.=),-0.14112894853411095,-0.16914989374797962,-0.6567964675266413,-0.06788782634352142
c.831T>G (p.=),0.7547708946619522,0.33482492968493105,0.08883056578097825,0.6362766918683302
c.834A>G (p.=),0.10973432330680843,0.25668421409973163,0.0036739306290280993,-0.19235573438760234
c.837T>G (p.=),0.0474841758286475,0.631653129930382,0.14696540316592088,0.051483660802564835
c.843C>T (p.=),0.6771805840587319,0.3964295389739503,0.32991278437417915,0.19851719140431445
c.846T>G (p.=),-0.7321701563486416,0.10360079290460256,0.007710579747521429,0.2888203538304337
c.852T>G (p.=),-0.13386790682716398,-0.1940543603233147,0.26374091694565216,0.03537555036444928
c.861T>G (p.=),-0.08615289256425118,0.1938886177793071,-0.16339023342086634,0.15969106521531362
c.864T>G (p.=),0.5368841551788668,0.7351318183518956,-0.21164828718617024,0.02550429873365978
c.870C>T (p.=),-0.13753340071105535,0.21491947440567305,0.11750612673504968,0.19277348028911323
c.879T>G (p.=),0.0952622664938012,0.26610657705105645,0.17743663177674485,0.28330710296786865
"c.880A>C (p.=), c.882A>G (p.=)",0.17355137006615085,0.020826282650392436,0.004408085084128821,-0.35111982058234137
"c.880A>C (p.=), c.882A>G (p.=), c.1125T>A (p.=)",-0.05451206588024338,0.2857808656634102,0.0011948346512173913,0.42255802549152577
"c.880A>C (p.=), c.882A>T (p.=)",-0.2027049527335274,0.020579193964402442,0.14778324831589806,0.15617049226204216
c.882A>G (p.=),0.03444214592691974,-0.03484984011616099,-0.008286727039944708,-0.1104450323621764
c.885T>G (p.=),0.26865510881037746,0.1180135316671338,-0.12351599962666882,0.09241544908678545
"c.891C>A (p.=), c.1509A>G (p.=)",0.21688412937664836,-0.47947718734323974,-0.858425294738419,-0.06800135447100963
c.891C>T (p.=),3.188699797915821,0.6452643911040559,1.161148581629167,-0.3441666112690367
c.897T>G (p.=),0.19415468016648774,0.18949552204029896,-0.31661046247837277,-0.0355875013771243
c.898T>C (p.=),-0.07563663778022356,0.18415711570533944,-0.058005216947558225,0.1739086205615692
"c.898T>C (p.=), c.900G>T (p.=)",0.0361072964935798,0.07484683277223514,0.06499112186718481,0.10665074866970681
"c.912T>C (p.=), c.1234A>C (p.=), c.1236A>G (p.=)",-0.13808249230619563,-0.214126601952219,-0.38903505961866536,0.07988712979442347
"c.916T>A (p.=), c.917C>G (p.=)",0.15263587521936817,-0.1771968641250785,0.028462156410264505,0.328364098479768
c.921A>G (p.=),-0.3012436623482353,0.2551873590581222,0.33228312116151404,0.2133889462756775
c.921A>T (p.=),0.17485831749723868,-0.03741605968797934,-0.05602388382885071,0.373331378273396
c.931T>C (p.=),0.09285704668719852,0.1321456021968146,0.050149918496741996,-0.16621474835406413
"c.931T>C (p.=), c.933G>T (p.=)",-0.36907848864968607,-0.28129869601332214,-0.05096711420861055,-0.07696798528771343
c.933G>A (p.=),0.39168659780026527,1.0783990838223696,-0.1845180562702371,0.8415758303987086
c.936A>G (p.=),0.08440007346349798,0.10286827387458342,0.0068704928693268386,-0.09103764191493369
c.939A>G (p.=),0.1773660588452115,0.06812814186443283,0.03530948661988198,0.23586380561637998
"c.942T>C (p.=), c.1447A>C (p.=), c.1449A>G (p.=)",0.1137184881622888,0.12164409183255831,0.11363117597426609,-0.01127251937610918
c.942T>G (p.=),-0.03955308498280985,0.26312144983480046,0.0029860195429574077,0.05991187018768418
c.945A>G (p.=),0.5181942472771031,0.22520707782735983,0.18839180097971564,0.07739314951714693
c.948T>G (p.=),0.14906706392627367,-0.021857614636820344,-0.027719789514650373,0.11175299589900334
c.958T>C (p.=),0.3054113229811737,0.017878210297785913,0.037632855541277266,0.17763005663129228
"c.958T>C (p.=), c.960G>T (p.=)",0.0868869420713394,0.08109943190133784,0.16151117990854935,0.16353959227110337
"c.960G>A (p.=), c.963A>G (p.=)",0.3945287126542949,0.007598625869724707,-0.050523412106703525,0.17604192811299324
"c.961A>C (p.=), c.963A>T (p.=)",0.3993203797698781,0.05901315174171895,0.23677003422057386,-0.1924431653273242
c.963A>G (p.=),0.14270293552051427,0.09129470369890491,-0.07683859505403312,0.04685487564716695
c.969A>G (p.=),-0.7391998397329838,-0.18621473945838307,-0.3276446471501524,-0.03551901956482073
c.973T>C (p.=),0.40621361707931225,0.32307209645321233,0.2676743824412062,0.15897046443101814
"c.973T>C (p.=), c.975G>T (p.=)",0.04469074877155865,-0.15502627543848213,-0.189690506446496,0.1679247332840843
c.978T>G (p.=),0.5790733108898722,0.23644061012793216,0.2904548994713716,0.7371392108588584
c.981A>G (p.=),-0.38158950997038943,0.21461981415381004,-0.35481780830108445,0.11204216070962225
"c.981A>G (p.=), c.1140T>C (p.=)",-0.023043881467603278,0.6722122865371869,-0.05042055301084147,-0.02686782012082034
c.982T>C (p.=),0.2997606499252674,-0.41702893593463664,-0.21595376451503512,-0.2142678453885818
"c.982T>C (p.=), c.984G>T (p.=)",-0.43156980120823185,0.050882854169532976,0.31838116373498515,0.18022165411608793
c.987C>T (p.=),0.2982242797858987,-0.07788448486273492,0.6386097579562122,0.0587444378564399
c.990T>G (p.=),-0.43450144203095586,0.14008200383812053,-0.186519346686862,-0.11597498034565135
c.993T>G (p.=),0.3359001841157401,0.44781865627996975,0.077969928502438,0.46223692549806117
"c.997T>A (p.=), c.998C>G (p.=)",0.5042367803851198,0.13405322484545312,0.076238053553765,0.03652804452616998
c.999T>C (p.=),0.7067701982513128,-0.09155466611320406,-0.3107075577019103,0.031781113319217624
c.999T>G (p.=),-0.10281233433842996,-0.28890811734114497,-0.04606510005478004,-0.025667440901740335
